City,Ship Mode,Order Priority,Product Container,Cost Price,Retail Price,Order Quantity,Total,Actual Shipping Cost,Predicted Shipping Cost
1,1,0.5,1,0.005982793,0.007581197,0.408163265,0.004987986,3.6,3.448720104
1,1,0,0.6,0.009027134,0.008082157,0.836734694,0.003063369,1.49,3.777052056
1,1,0.5,0.6,0.009027134,0.008082157,0.367346939,0.004476052,1.49,3.58636345
1,1,0,0.6,0.005347452,0.004074476,0.102040816,0.005376052,5.47,3.552742161
1,1,0.25,0.6,0.005982793,0.007581197,0.469387755,0.009202457,3.6,3.537402372
1,1,0.75,0.8,0.036108537,0.03546798,0.591836735,0.005224493,15.1,4.611887693
1,1,0.5,0.8,0.003573792,0.002454705,0.510204082,0.055728549,0.5,3.66763458
1,0.5,1,1,0.005320979,0.004258161,0.530612245,0.003137839,2.5,3.36038727
1,1,0.25,0.6,0.005320979,0.004258161,0.571428571,0.003035303,2.5,3.530490091
1,1,1,1,0.008285903,0.007330717,0.326530612,0.002725448,6.98,3.416413548
1,1,1,1,0.011224355,0.011689071,0.489795918,0.000507069,3.12,3.521168072
1,1,0.75,1,0.094718729,0.095115638,0.959183673,0.01973452,1.49,7.019512012
1,0.5,0.25,0.6,0.737921906,0.749519913,0.612244898,0.003286779,49,32.0484609
0,1,0.75,0.6,0.02297816,0.047758203,0.06122449,0.015005495,6.64,4.017966359
1,1,0,1,0.011356717,0.010286382,0.142857143,0.009007489,7.72,3.818897227
1,1,0.75,0.6,0.002514891,0.001402688,0.510204082,0.000898878,4.77,3.266083196
0,1,0,0.6,0.094718729,0.095115638,0.428571429,0.001931726,1.49,7.355163438
0,0,0.5,0,0.413659828,0.500676296,0.93877551,0.025152111,7.18,18.70024981
0,1,0.25,0.6,0.008153541,0.006746264,0.346938776,0.001536924,2.04,3.913192483
0,1,0.5,1,0.003573792,0.002454705,0.653061224,0.003972351,0.5,3.724642142
0,1,0.5,0.6,0.003573792,0.002454705,0.102040816,0.000764907,0.5,3.625485652
1,1,0.25,1,0.003414957,0.002738582,0.755102041,0.001326238,1.34,3.475268309
1,1,0.75,0.6,0.016280609,0.031460299,0.775510204,0.012600006,4,3.669606542
0,1,0.5,1,0.00542687,0.004258161,0.87755102,0.00548046,0.5,3.835423099
1,0.5,0,0.6,0.020330907,0.019787927,0.591836735,0.142982186,9.44,4.943543943
1,1,1,0.6,0.02297816,0.047758203,0.408163265,0.02190949,6.64,3.727463841
1,1,0.75,0.6,0.009530113,0.008616515,0.673469388,0.00629177,0.5,3.587557296
0,1,1,0.8,0.19790867,0.200100192,0.408163265,0.084075756,26.3,11.52713801
0,1,0.5,1,0.009027134,0.008082157,0.93877551,0.005492435,1.49,3.981255913
1,1,0.5,1,0.005135672,0.003974284,0.204081633,0.001876716,6.83,3.411499658
1,1,1,1,0.012309729,0.010854137,0.591836735,0.007127779,1.39,3.639082905
0,1,0,1,0.009530113,0.008616515,0.102040816,0.001649564,0.5,4.005781298
1,1,1,0.2,0.010456651,0.015179093,0.12244898,0.006978465,4.68,3.396977249
0,0,0.75,0,0.004235606,0.002905569,0.755102041,0.000464782,0.99,3.715456241
1,0.5,0.25,0.6,0.002514891,0.001402688,1,0.001489024,4.77,3.49926581
1,1,0.5,0.6,0.011515553,0.010252985,0.142857143,0.005611063,11.15,3.664499437
1,1,0.5,0.6,0.008153541,0.006746264,0.142857143,0.006853849,2.04,3.541532725
0,1,0.5,0.6,0.051859696,0.049828839,0.93877551,0.041757025,19.51,5.852911721
1,1,0.75,1,0.035473197,0.033130166,0.081632653,0.030529286,1.49,4.681092643
1,1,1,0.8,0.006459298,0.008249144,0.87755102,0.006371105,1.17,3.39314702
0,1,1,0.6,0.028590338,0.026450697,0.653061224,0.016009155,12.39,4.635380742
1,1,1,1,0.052786234,0.057226351,0.285714286,0.036541139,1.99,5.252543318
1,0.5,0.25,0.6,0.262475182,0.270167822,0.795918367,0.171754507,19.99,14.40975251
1,0.5,0.75,0.6,0.137207148,0.138331803,0.428571429,0.100639131,5.01,9.044969621
1,1,0.5,1,0.008365321,0.007113634,0.367346939,0.005194555,7.78,3.578102004
1,1,1,0.6,0.222316347,0.3496869,0.469387755,0.030205211,9.99,10.12058634
1,1,0.25,0.6,0.003573792,0.002454705,0.285714286,0.000677713,0.5,3.412811948
1,1,1,1,0.007677035,0.0062954,0.755102041,0.005869275,0.5,3.471775736
1,1,0,0.6,0.016598279,0.049828839,0.918367347,0.008364203,6.5,3.626390005
0,1,1,0.6,0.009027134,0.008082157,0.93877551,0.006300751,1.49,3.839942026
1,1,1,0.8,0.002144275,0.001352592,0.12244898,0.003363494,1.63,3.145419064
1,1,0.25,1,0.002488418,0.001235702,0.857142857,0.002383411,1.49,3.466233328
0,1,1,1,0.004235606,0.002905569,0.775510204,0.001724408,1.49,3.621902652
0,1,0,1,0.011515553,0.010252985,0.489795918,0.006244244,11.15,4.163746194
0,1,0.5,0.6,0.00418266,0.002838774,0,0.001730396,5.44,3.644068479
0,1,0.5,0.6,0.003573792,0.002454705,0.632653061,0.001814221,0.5,3.701127732
0,1,0.25,0.6,0.01347452,0.01245721,0.163265306,0.007378881,6.19,4.122152829
1,1,1,0.6,0.143692919,0.166702847,0.673469388,0.05117204,7.18,8.663748679
0,1,0.5,1,0.022713435,0.033146865,0.897959184,0.012578675,4.81,4.386818423
1,0,0.25,0,0.737921906,0.749519913,0.102040816,0.038913323,49,32.18269891
1,1,0.25,0.4,0.003335539,0.00163647,0.469387755,0.001662662,0.7,3.43641476
1,1,0.25,1,0.016280609,0.031460299,0.183673469,0.019412317,4,3.772606371
1,1,0.75,0.6,0.159761747,0.166719546,0.469387755,0.045489875,7.18,9.531692721
0,1,0.25,0.8,0.002144275,0.001352592,0.591836735,0.001481539,1.63,3.706185435
0,1,0.25,0.6,0.002250165,0.002438006,0.734693878,0.004098838,2.4,3.72425698
1,1,0.25,0.8,0.016280609,0.031460299,0.469387755,0.023595354,4,3.827536393
0,1,0.25,0.6,0.026022502,0.02478083,0.816326531,0.00816886,4,4.706729213
1,1,0.75,0.8,0.005479815,0.00440845,0.428571429,0.004058422,0.71,3.392017201
1,0.5,0,1,0.004447386,0.003540119,0.734693878,0.007232186,1.86,3.644505866
1,1,1,0.6,0.00929186,0.009919011,0.346938776,0.00712703,2.35,3.449541751
1,1,0.5,0.6,0.005982793,0.007581197,0.734693878,0.007341833,3.6,3.494707719
1,0.5,0.25,0.8,0.002806089,0.002905569,0.632653061,0.004742123,1.01,3.466683817
1,0.5,0.25,0.6,0.002806089,0.002905569,0.224489796,0.004678505,1.01,3.407637963
0,1,0.75,1,0.002488418,0.001235702,0.673469388,0.003895262,1.49,3.618351533
0,1,0.75,0.6,0.013103905,0.019771228,0.469387755,0.004810231,3.14,3.889472276
0,1,0,0.6,0.003573792,0.002454705,0.857142857,0.00041052,0.5,3.859488894
0,1,1,0.6,0.143692919,0.166702847,0.93877551,0.085019166,7.18,9.180662465
1,1,1,1,0.005347452,0.004074476,0.979591837,0.000855468,5.47,3.382500661
0,1,0,0.6,0.002488418,0.001235702,0.142857143,0.002546571,1.49,3.735688642
1,1,0,0.8,0.001826605,0.000768139,0.183673469,0.000694179,1.29,3.402966295
0,1,0,0.6,0.00929186,0.009919011,0.163265306,0.009058008,2.35,4.01197126
1,1,0.75,1,0.159761747,0.166719546,0.734693878,0.030771033,7.18,9.499163519
0,1,0,0.6,0.003414957,0.002738582,0.448979592,0.004343952,1.34,3.813636069
0,0.5,1,1,0.016598279,0.049828839,0.612244898,0.031248164,6.5,3.777063995
0,1,0.5,1,0.008630046,0.007681389,0.612244898,0.008183081,5.01,3.936703021
0,0.5,0.25,0.6,0,0.000200384,0.530612245,0.003020708,0.7,3.632721154
0,1,0.25,0.6,0.013103905,0.019771228,1,0.009904869,3.14,4.122346227
1,1,0.75,0.6,0.011356717,0.010286382,0.530612245,0.14196019,7.72,4.353125408
0,1,0.25,0.6,0.008682991,0.007581197,0.183673469,0.005093142,1.39,3.926615201
0,0,1,0,0.001800132,0.001118811,0.06122449,0.001307901,1.56,3.455628084
1,1,0.5,0.6,0.001747187,0.001603073,0.632653061,0.002160749,0.7,3.313114677
0,1,0.25,0.4,0.001826605,0.000567755,0.693877551,0.0018842,0.7,3.706481572
1,1,0.25,0.4,0.026022502,0.02478083,0.12244898,0.018342046,4,4.359026488
0,1,1,0.6,0.002832561,0.002838774,0.693877551,0.00663755,0.93,3.55346886
1,0.5,0.25,0.8,0.003414957,0.002738582,0.408163265,0.001879336,1.34,3.456850396
1,0.5,0,0.8,0.003573792,0.002454705,0.693877551,0.000538129,0.5,3.56811584
1,1,1,0.6,0.008153541,0.006746264,0.12244898,0.002124076,2.04,3.378017162
0,1,0.75,0.6,0.01117141,0.016281206,1,0.011309319,4.5,3.940183247
0,1,0.5,0.6,0.005347452,0.004074476,0.387755102,0.005591978,5.47,3.760122157
1,1,0.25,0.6,0.004235606,0.002905569,0.836734694,0.004490647,0.99,3.534519133
1,1,0.25,1,0,0.000200384,0.816326531,0.001413805,0.7,3.337762625
0,0.5,0.25,0.6,0.022713435,0.033146865,0.714285714,0.007928236,4.81,4.425986468
0,1,0.5,0.6,0.006035738,0.00477582,0.795918367,0.002757631,1.3,3.825973125
1,1,0,1,0.001826605,0.000768139,0.714285714,0.001746862,1.29,3.483381088
0,1,0.5,0.6,0.010933157,0.013308842,0.102040816,0.022361174,2.25,3.976910808
1,1,0.25,0.6,0.004500331,0.003239542,0.612244898,0.005021665,0.99,3.516997839
1,1,1,0.8,0.02297816,0.047758203,0.87755102,0.011342999,6.64,3.738912399
1,1,0.75,0.6,0.008285903,0.007330717,0.12244898,0.004031478,6.98,3.454786176
1,1,0.5,1,0,0.000200384,0.755102041,0.004637341,0.7,3.278537787
1,1,0,0.6,0.03216413,0.031460299,0.448979592,0.015042917,5.77,4.690324149
1,1,0,0.6,0.002806089,0.002905569,1,0.002866155,1.01,3.539378231
1,1,0.5,1,0.011224355,0.011689071,0.755102041,0.000687443,3.12,3.693223922
1,0.5,0.25,0.6,0.00929186,0.009919011,0.591836735,0.00478179,2.35,3.702990693
1,1,1,0.6,0.002488418,0.001235702,0.142857143,0.002585864,1.49,3.159300471
1,1,0.75,0.6,0.834864328,0.834649745,0.489795918,0.0601814,69.3,36.12549947
0,1,1,0.8,0.043838518,0.066510812,0.102040816,0.018916849,8.99,4.826654809
1,1,0.25,0.6,0.003414957,0.002738582,0.285714286,0.004983869,1.34,3.422869309
0,1,1,1,0.004500331,0.003239542,0.632653061,0.005020169,0.99,3.62965728
1,1,0.5,0.6,0.094718729,0.095115638,0.367346939,0.01973452,1.49,6.999782758
0,1,0.25,0.6,0.008418266,0.012023044,0.12244898,0.008928154,2.64,3.861403539
1,1,0.75,1,0.057524818,0.057276447,0.510204082,0.065225518,4.92,5.752501024
1,1,0.75,0.6,0.004235606,0.002905569,0.428571429,0.003202579,0.99,3.33777498
1,1,1,1,0.011224355,0.011689071,0.265306122,0.004623495,3.12,3.513057321
1,1,1,1,0.016307081,0.046689488,0.897959184,0.035620183,4,3.532981604
1,1,0,1,0.005320979,0.004258161,0.448979592,0.002877756,2.5,3.591006847
1,1,0.5,0.6,0.036108537,0.03546798,0.734693878,0.020777847,15.1,4.7755207
1,1,0.75,0.6,0.036108537,0.03546798,1,0.008749651,15.1,4.679558346
1,1,0,0.6,1,1,0.714285714,0.176594675,24.49,43.42673049
1,0,1,0,0.008418266,0.012023044,0.612244898,0.003430106,2.64,3.433115102
0,1,0.75,1,0.002832561,0.002838774,0.428571429,0.003272184,0.93,3.578294798
0,1,0,0.6,0.001244209,0,0.836734694,0.00050894,0.7,3.767942829
1,1,0.75,0.6,0.002885506,0.001569675,0.469387755,0.001350188,1.49,3.280443928
1,1,1,0.8,0.011224355,0.011689071,0.142857143,0.003744825,3.12,3.48751167
1,1,0,1,0.01117141,0.016281206,0.469387755,0.011331772,4.5,3.779207003
0,1,1,1,0.002885506,0.001569675,0.734693878,0.003128858,1.49,3.570842626
1,0.5,0.5,0.8,0.026022502,0.02478083,1,0.033145088,4,4.523382177
1,1,1,1,0.005479815,0.00440845,0.612244898,0.004156842,0.71,3.353549512
0,1,0.25,0.6,0.159761747,0.166719546,0.244897959,0.03940243,7.18,9.910679623
1,0.5,1,0.6,0.00418266,0.002838774,0.408163265,0.002487444,5.44,3.290739965
1,1,0.75,1,0.01117141,0.016281206,0.408163265,0.023692651,4.5,3.631814015
1,1,1,0.6,0.008630046,0.007681389,0.653061224,0.004468568,5.01,3.472572849
0,1,0,0.6,0.003414957,0.002738582,0.448979592,0.003279295,1.34,3.808058351
1,1,0,0.6,0.003414957,0.002738582,0.87755102,0.004782164,1.34,3.5680702
1,0.5,0,0.4,0.008630046,0.007681389,0.142857143,0.015009238,5.01,3.756973626
0,0,0.25,0,0.003573792,0.002454705,0.102040816,0.000893639,0.5,3.738520834
1,1,1,0.8,0.03216413,0.031460299,0.469387755,0.014315433,5.77,4.421888811
1,1,0.5,1,0.00574454,0.004291559,0.142857143,0.002343743,1.93,3.433815563
1,0,0.5,0,0.028775645,0.031226517,0.673469388,0.007100086,4.1,4.409312907
1,1,1,0.6,0.005320979,0.004258161,0.469387755,0.005438547,2.5,3.325533512
1,1,0.5,0.6,0.004394441,0.003573516,0.142857143,0.004439004,1.95,3.373484274
1,1,0.75,1,0.004500331,0.003239542,0.387755102,0.015385704,0.99,3.415089834
1,1,0.75,0.6,0.007253475,0.007848376,0.326530612,0.001073265,0.83,3.403857237
1,1,0.25,0.6,0.009530113,0.008616515,0,0.007916261,0.5,3.643076609
1,1,0.5,1,0.011356717,0.010286382,0.142857143,0.001952309,7.72,3.645896783
1,1,1,0.6,0.011356717,0.010286382,0.653061224,0.01036067,7.72,3.611846242
0,1,1,1,0.009927201,0.008499624,0.489795918,0.006982955,6.97,3.835741454
1,1,0,0.2,0.002250165,0.002438006,0.87755102,0.002310438,2.4,3.487764802
0,1,0.5,0.6,0.051859696,0.049828839,0.632653061,0.049678152,19.51,5.853942217
1,0,0,0,0.009927201,0.008499624,0.857142857,0.00403522,6.97,3.871251425
0,1,1,0.6,0.004235606,0.002905569,0.020408163,0.002109481,0.99,3.514588539
1,1,1,0.6,0.002488418,0.001235702,0.142857143,0.000295634,1.49,3.147302004
1,1,0.5,0.6,0.008630046,0.007681389,0.183673469,0.006404785,5.01,3.556704034
1,1,0.25,0.6,1,1,0.448979592,0.418667468,24.49,44.59185322
1,1,1,0.6,0.159761747,0.166719546,0.387755102,0.003562954,7.18,9.233227697
1,1,0.75,0.6,0.00585043,0.004592135,0.081632653,0.003217922,7.01,3.354149791
0,1,0.25,0.8,0.013183322,0.014544544,0.734693878,0.01617456,4.82,4.203351223
0,1,1,1,0.009027134,0.008082157,0.102040816,0.005376052,1.49,3.733994822
1,1,0.25,0.8,0.009027134,0.008082157,0.632653061,0.004797133,1.49,3.695892279
0,1,0.25,1,0.004235606,0.002905569,0.224489796,0.001701955,1.49,3.753000156
1,1,0.75,0.6,0.001853077,0.001569675,0.306122449,0.002763245,2.56,3.211207119
1,1,0.75,0.6,0.413659828,0.500676296,0.12244898,0.085760122,7.18,18.49298116
1,1,0.25,0.6,0.004394441,0.003573516,0.183673469,0.004747362,1.95,3.448514754
0,1,0,0.6,0.737921906,0.749519913,0.551020408,0.031794526,49,32.53295169
1,1,0.25,0.6,0.004315023,0.011655673,0.530612245,0.008183455,2.83,3.393345287
0,1,0.25,1,0.00585043,0.004592135,0.469387755,0.000294512,7.01,3.840159385
1,0.5,1,0.6,0.003600265,0.002471404,0.775510204,0.004042705,0.8,3.321610187
1,1,0,1,0.011356717,0.010286382,0.306122449,0.009578923,7.72,3.843473959
1,1,1,1,0.013103905,0.019771228,0.673469388,0.008547197,3.14,3.573002776
0,1,0.25,0.6,0.005135672,0.003974284,0.959183673,0.003287153,6.83,3.881736411
1,1,1,0.6,0.148034414,0.226834767,0,0.087953055,24.49,8.144814485
1,1,0.75,0.6,0.004500331,0.003239542,0.775510204,0.003908734,0.99,3.396711707
0,0.5,1,0.4,0.002250165,0.002438006,0.897959184,0.002310438,2.4,3.556961123
0,1,0.75,0.8,0.004235606,0.002905569,0.346938776,0.005874888,0.99,3.650255744
1,1,0,0.6,0.14308405,0.14918594,0.918367347,0.201957099,19.99,9.974502604
1,0.5,0.75,0.6,0.262475182,0.270167822,0.040816327,0.051660398,19.99,13.54472209
1,1,0.25,1,0.04397088,0.043483343,0.551020408,0.01617456,8.23,5.110080235
1,1,0.25,0.8,0.016598279,0.049828839,0.693877551,0.004674763,6.5,3.514120299
1,1,1,0.6,0.004023825,0.003005761,0.489795918,0.001160084,0.81,3.254431922
0,1,0,0.2,0.001244209,0,0.87755102,0.000730104,0.7,3.764987116
1,1,1,0.6,0.143692919,0.166702847,0.857142857,0.123763716,7.18,9.068335839
1,1,0.5,0.6,0.008153541,0.006746264,0.448979592,0.004205116,2.04,3.568124188
0,1,0.25,0.6,0.022713435,0.033146865,0.224489796,0.005883121,4.81,4.321219801
0,1,1,1,0.005135672,0.003974284,0.979591837,0.005460252,6.83,3.70127149
1,0.5,0.25,1,0.043838518,0.066510812,1,0.038337024,8.99,4.980702349
1,1,0.75,1,0.005320979,0.004258161,0.755102041,0.004241416,2.5,3.434561399
1,0.5,0.75,1,0.003414957,0.002738582,0.693877551,0.000291518,1.34,3.355018665
1,1,0.5,0.6,0.007041694,0.006044919,0.265306122,0.001257755,0.88,3.479072196
1,1,0.75,1,0.009530113,0.008616515,0.571428571,0.001513348,0.5,3.558544005
0,1,0.25,0.6,0.016280609,0.031460299,0.448979592,0.015572814,4,4.082570552
0,1,0.5,1,0.026022502,0.02478083,0.816326531,0.016548033,4,4.69211841
1,1,0.25,0.6,0.009027134,0.008082157,0.632653061,0.004702081,1.49,3.690639235
1,1,0.25,1,0.036108537,0.03546798,0.816326531,0.02191922,15.1,4.869821215
1,0.5,0.75,0.6,0.005479815,0.00440845,0.346938776,0.002527111,0.71,3.397751487
1,1,1,0.8,0.022713435,0.033146865,0.87755102,0.00542021,4.81,3.901306905
1,1,1,1,0.00542687,0.004258161,0.775510204,0.000346154,0.5,3.354479678
1,0.5,0.75,0.2,0.084129715,0.252717709,0.816326531,0.038898729,4,4.308029377
0,0.5,0.75,0.6,0.472772998,0.692560741,0.040816327,0.010771564,11.37,18.84995352
1,1,0,0.4,0.016280609,0.031460299,0.367346939,0.012963,4,3.816853449
0,1,0.5,0.6,0.005479815,0.00440845,0.387755102,0.003881415,0.71,3.753475325
1,0.5,0.25,0.6,0.00929186,0.009919011,0.163265306,0.00712703,2.35,3.658621988
0,1,0.25,0.6,0.14308405,0.14918594,0.591836735,0.207683421,19.99,10.19783447
1,1,1,0.6,0.008630046,0.007681389,0,0.005603578,5.01,3.392187157
1,1,0.75,0.6,0.008682991,0.007581197,1,0.010331107,1.39,3.621416255
1,1,0.75,1,0.001826605,0.000567755,0.408163265,0.001529439,0.7,3.240562421
0,1,0,1,0.004500331,0.003239542,0.469387755,0.001160084,0.99,3.859928381
0,1,1,0.6,0.00166777,0.001118811,0.469387755,0.000476009,0.75,3.453827242
1,0.5,1,1,0.006035738,0.00477582,0.102040816,0.003965615,1.3,3.338831957
1,0.5,0.25,0.6,0.262475182,0.270167822,1,0.1781911,19.99,14.47045244
0,1,0.25,0.6,0.00585043,0.004592135,0.081632653,0.006615845,7.01,3.812506963
1,0.5,0.5,1,0.004500331,0.003239542,0.897959184,0.000332682,0.99,3.500996842
1,1,0.75,0.6,0.011515553,0.010252985,0.530612245,0.002899087,11.15,3.633531818
1,1,0.25,0.6,0.737921906,0.749519913,0.183673469,0.489343883,49,34.50894529
1,1,0,0.4,0.048021178,0.046806379,0.979591837,0.013426659,6.27,5.374884705
0,1,0.5,0.6,0.413659828,0.500676296,0.387755102,0.08594349,7.18,18.90155046
1,1,0.5,0.6,0.02297816,0.047758203,1,0.018604374,6.64,3.924425276
1,1,0.25,1,0.14308405,0.14918594,0.673469388,0.031880222,19.99,8.992589756
0,1,1,0.6,0.028775645,0.031226517,0.673469388,0.001085988,4.1,4.501942184
1,1,0.5,0.8,0.003573792,0.002454705,0.979591837,0.002961956,0.5,3.453242604
1,1,0.25,0.6,0.003573792,0.002454705,0.489795918,0.003979836,0.5,3.457090445
1,1,0.75,0.6,0.002144275,0.001352592,0.183673469,0.003237008,1.63,3.21611421
1,1,0.25,0.8,0.011515553,0.010252985,0.734693878,0.005504784,11.15,3.814955332
1,1,0,0.6,0.051727333,0.074893546,0.448979592,0.845242216,4.99,9.466046191
1,1,0.25,0.6,0.202647253,0.198463722,0.448979592,0.050041894,14,11.52495785
1,1,1,1,0.009027134,0.008082157,0.102040816,0.00950857,1.49,3.451127972
1,1,0.75,0.6,0.094718729,0.095115638,0.734693878,0.01973452,1.49,6.980325252
1,1,0,1,0.00982131,0.008249144,0.224489796,0.000309855,1.82,3.731179823
1,1,0.75,0.6,0.002488418,0.001235702,0.06122449,0.000273555,1.49,3.204414085
1,0.5,0.75,0.6,0.005982793,0.007581197,0.632653061,0.008686033,3.6,3.449544688
1,1,0,0.6,0.008153541,0.006746264,0.102040816,0.002976176,2.04,3.651860427
1,1,0.5,1,0.013924553,0.018502129,0.183673469,0.00807044,2.85,3.70358407
1,1,0.75,1,0.048021178,0.046806379,0.857142857,0.014073312,6.27,5.172292713
0,1,0,0.6,0.004500331,0.003239542,0.448979592,0.001672017,0.99,3.850402379
1,1,1,1,0.002832561,0.002838774,0.06122449,0.000808316,0.93,3.144288625
1,1,0.75,0.8,0.005982793,0.007581197,0.142857143,0.008848445,3.6,3.361098279
0,1,1,0.6,0.004235606,0.002905569,0.755102041,0.001230437,5.33,3.607106735
1,1,1,0.6,0.002885506,0.001569675,0.836734694,0.001443743,1.49,3.261476555
1,1,0,0.8,0.005982793,0.007581197,0.306122449,0.020562296,3.6,3.648107655
1,1,1,1,0.006035738,0.00477582,0.816326531,0.00448653,1.3,3.406683278
0,1,1,0.8,0.036108537,0.03546798,0.87755102,0.012805827,15.1,4.925874164
1,1,0.25,0.6,0.03216413,0.031460299,0.244897959,0.031998102,5.77,4.684154011
1,1,0.5,0.6,0.051859696,0.049828839,0.979591837,0.047033161,19.51,5.581432012
0,1,0.75,1,0.001826605,0.000768139,0.673469388,0.002747901,1.29,3.583689037
1,1,0.25,0.6,0.007677035,0.0062954,0.510204082,0.001912641,0.5,3.613220131
1,1,1,0.6,0.013103905,0.019771228,0.816326531,0.019795893,3.14,3.641309444
0,1,0.75,0.6,0.013103905,0.019771228,0.448979592,0.009878674,3.14,3.91332787
1,1,0.5,0.6,0.006618134,0.005594055,0.673469388,0.004703578,1.49,3.534899007
1,1,0.75,0.6,0.016598279,0.049828839,0.306122449,0.008650108,6.5,3.342893858
0,1,0.75,0.6,0.002144275,0.001352592,0.448979592,0.003131478,1.63,3.555150734
1,1,0,1,0.005347452,0.004074476,0.306122449,0.004673266,5.47,3.585549164
1,0.5,0.75,1,0.048021178,0.046806379,0.530612245,0.000675468,6.27,5.088239047
0,0.5,1,1,0.002832561,0.002838774,0.897959184,0.004519462,0.93,3.608164481
0,1,0.25,1,0.056439444,0.059129999,0.530612245,0.015438094,13.89,5.85071087
0,0.5,0.25,1,0.013103905,0.019771228,0.918367347,0.010252146,3.14,4.152187598
0,1,0.25,1,0.007041694,0.006044919,0.183673469,0.004226447,0.88,3.865880023
1,1,1,0.6,0.016280609,0.031460299,0.734693878,0.019464333,4,3.632153611
1,0.5,0.25,1,0.003600265,0.002471404,0.87755102,0.004748859,0.8,3.552366979
1,1,0.75,1,0,0.000200384,0.142857143,0.000791102,0.7,3.10943193
1,1,1,0.6,0.016307081,0.046689488,0.142857143,0.049591707,4,3.496846627
1,1,1,1,0.002250165,0.002438006,0.12244898,0.002310438,2.4,3.13488671
0,1,0.5,0.6,0.008682991,0.007581197,0.571428571,0.003201083,1.39,3.899943112
1,1,0.25,0.6,0.009027134,0.008082157,0.204081633,0.005256302,1.49,3.636887416
1,1,0.5,1,0.737921906,0.749519913,0.551020408,0.071219035,49,32.30845049
1,1,1,1,0.001244209,0,0.591836735,0.000479377,0.7,3.168329561
1,0.5,0.5,1,0.14308405,0.14918594,0,0.065029053,19.99,9.038510033
1,1,0.5,0.6,0.008285903,0.007330717,0.816326531,0.019952317,6.98,3.697942113
1,1,0.5,0.6,0.008418266,0.012023044,0.734693878,0.009378715,2.64,3.572163988
0,1,0,0.6,0.011515553,0.010252985,0.142857143,0.005184077,11.15,4.102817994
0,1,1,1,0.016280609,0.031460299,0.897959184,0.030754193,4,4.026911112
1,1,1,1,0.028775645,0.031226517,0.673469388,0.035288249,4.1,4.386120237
0,0.5,0.75,0.8,0.00929186,0.009919011,0.428571429,0.007951438,2.35,3.871247006
1,1,0.5,0.6,0.01117141,0.016281206,0.326530612,0.009576678,4.5,3.605578337
1,1,0,1,0.035473197,0.033130166,0.306122449,0.029068704,1.49,4.907175055
1,1,1,1,0.002488418,0.001235702,0.285714286,0.002156633,1.49,3.185447
0,1,1,1,0.005347452,0.004074476,0.06122449,0.00560283,5.47,3.590484652
1,0.5,1,0.6,0.00542687,0.004258161,0.755102041,0.004237673,0.5,3.391962612
1,1,1,0.6,0.222316347,0.3496869,0.346938776,0.030208205,9.99,10.10441478
1,1,0.25,0.6,0.008656519,0.012407114,0.020408163,0.007356802,6.14,3.542414909
1,1,0,0.6,0.002488418,0.001235702,0.163265306,0.002697382,1.49,3.434659589
1,1,1,0.6,0.022713435,0.033146865,0.142857143,0.019962421,4.81,3.875614685
0,0.5,0,0.6,0.14308405,0.14918594,0.673469388,0.176034467,19.99,10.14014036
0,1,0,1,0.003573792,0.002454705,0.836734694,0.003700667,0.5,3.883538169
1,1,0,1,0.00542687,0.004258161,0.306122449,0.005214389,0.5,3.590010146
0,1,0.25,0.6,0.02297816,0.047758203,0.530612245,0.007247155,6.64,4.175410195
1,1,0,0.4,0.001853077,0.001235702,0.142857143,0.002202288,0.79,3.390731759
0,1,0.75,1,0.026022502,0.02478083,0.367346939,0.004635844,4,4.502338206
1,1,0.25,0.6,0.036108537,0.03546798,0.93877551,0.029069078,15.1,4.913956283
1,1,1,0.6,0.002832561,0.002838774,0.775510204,0.002160001,0.93,3.23628555
1,1,0.5,1,0.002832561,0.002838774,0.959183673,0.003865698,0.93,3.415051175
1,1,1,1,0.036108537,0.03546798,0.714285714,0.010440005,15.1,4.592134717
1,1,0.25,0.8,0.002250165,0.002438006,0.183673469,0.003343286,2.4,3.347694091
1,0.5,0.25,0.6,0.002488418,0.001235702,0.836734694,0.001373764,1.49,3.478039153
1,1,0.25,1,0.005135672,0.003974284,0.224489796,0.002684284,6.83,3.486447616
1,1,0.25,0.2,0.002488418,0.001235702,0.081632653,0.000273555,1.49,3.333640324
1,1,0,0.6,0.002250165,0.00113551,0.836734694,0.002866155,1,3.513291381
1,1,1,0.2,0.002250165,0.002438006,0.326530612,0.002310438,2.4,3.142845181
0,1,0.5,0.6,0.013103905,0.019771228,0.836734694,0.013796763,3.14,4.053133528
1,1,1,0.6,0.01117141,0.016281206,0.408163265,0.026955854,4.5,3.57138048
0,1,1,1,0.005320979,0.004258161,0.795918367,0.00654886,2.5,3.688543572
0,1,1,1,0.413659828,0.500676296,0.448979592,0.010749111,7.18,18.38917392
0,1,0.75,1,0.010456651,0.015179093,0.448979592,0.006506198,4.68,3.829225601
1,1,0.75,0.6,0.006671079,0.00541037,0.87755102,0.003980958,6.21,3.495505224
0,1,0,0.4,0.19790867,0.200100192,0.326530612,0.096518215,26.3,11.84409916
1,1,0.5,0.6,0.004235606,0.002905569,1,0.003200708,0.99,3.48132492
1,1,0.5,1,0.011224355,0.011689071,0.142857143,0.002409232,3.12,3.621308096
1,1,0.75,0.6,0.008630046,0.007681389,0.653061224,0.007914016,5.01,3.558642734
1,1,0.5,1,0.202647253,0.198463722,0.836734694,0.033106543,14,11.4289844
1,1,0.75,0.6,0.002806089,0.002905569,0.469387755,0.004747362,1.01,3.275031338
1,1,0,0.6,0.005082727,0.00452534,0.775510204,0.004724909,0.7,3.617839451
1,1,0.75,0.8,0.004500331,0.003239542,0.428571429,0.004297549,0.99,3.357639901
1,1,0.5,0.2,0.007041694,0.006044919,0.306122449,0.001649564,0.88,3.477010486
1,1,0,0.6,0.013924553,0.018502129,0.632653061,0.00769622,2.85,3.887505144
0,1,0.75,0.6,0.013103905,0.019771228,0.489795918,0.019773439,3.14,3.970562091
1,1,0.75,0.4,0.00585043,0.004592135,0.653061224,0.000366362,7.01,3.409995948
0,1,0.25,0.6,0.016280609,0.031460299,0.244897959,0.029590367,4,4.129029476
1,1,0.75,0.6,0.036108537,0.03546798,0.224489796,0.008771355,15.1,4.577152817
1,1,0,0.8,0.051859696,0.049828839,0.693877551,0.016228448,19.51,5.523070084
0,1,0.75,0.8,0.035473197,0.033130166,0.204081633,0.010316138,1.49,4.891145578
1,1,0.5,0.6,0.003229649,0.004057777,0.142857143,0.002845573,4.17,3.296142471
0,1,0.5,0.6,0.005479815,0.00440845,0.428571429,0.00329838,0.71,3.755816563
1,1,0,1,0.028775645,0.031226517,0,0.014818759,4.1,4.461928142
1,1,0.75,0.6,0.008682991,0.007581197,0.571428571,0.006738589,1.39,3.545939762
1,1,0,0.6,0,0.000200384,0.591836735,0.000343909,0.7,3.360989951
1,1,0,1,0.01117141,0.016281206,0.142857143,0.015400672,4.5,3.757357891
0,1,0,1,0.008365321,0.007113634,0.632653061,0.001839668,7.78,4.036153716
1,0.5,0,0.6,0.01117141,0.016281206,0.612244898,0.033099059,4.5,3.931923709
1,1,1,1,0.00542687,0.004258161,0.632653061,0.005853932,0.5,3.36444969
1,1,0.75,1,0.009027134,0.008082157,0.673469388,0.008900461,1.49,3.591501848
1,1,0.75,1,0.004447386,0.003540119,0.571428571,0.000740208,1.86,3.35555042
1,1,1,1,0.001853077,0.001569675,0.632653061,0.002901332,2.56,3.196587438
1,1,0.75,1,0.001853077,0.001235702,0.387755102,0.002288359,0.79,3.233764633
1,1,0.75,0.6,0.036108537,0.03546798,0.265306122,0.022168825,15.1,4.652737634
1,1,0.5,1,0.016598279,0.049828839,0.755102041,0.025641218,6.5,3.568792563
1,1,0.75,0.6,0.02297816,0.047758203,0.020408163,0.022056559,6.64,3.744993962
1,0.5,1,0.6,0.036108537,0.03546798,0.734693878,0.008749651,15.1,4.605770081
1,1,0,0.6,0.002832561,0.002838774,0.551020408,0.00224944,0.93,3.479154499
1,1,0.75,1,0.002144275,0.001352592,0.367346939,0.004703952,1.63,3.257590512
1,1,0.75,1,0.472772998,0.692560741,0.775510204,0.142993413,11.37,19.3154743
1,1,0.25,1,0.007041694,0.006044919,0.12244898,0.00994304,0.88,3.583218488
0,1,0.25,0.6,0.00585043,0.004592135,0.346938776,0.007198506,7.01,3.850631885
1,1,0.75,0.6,0.178663137,0.27395842,0.367346939,0.288754935,19.99,10.27739435
1,0.5,1,0.6,0.004023825,0.003740503,0.734693878,0.002164117,0.75,3.31093354
1,1,1,0.8,0.005135672,0.003974284,0.408163265,0.002669315,6.83,3.301837245
1,0.5,0,0.4,0.005479815,0.00440845,0.367346939,0.004584576,0.71,3.61053106
0,1,0.5,0.6,0.013103905,0.019771228,0.93877551,0.008928154,3.14,4.041116358
0,1,0,0.4,0.008682991,0.007581197,0.142857143,0.004711811,1.39,3.98248585
1,1,1,0.6,0.14308405,0.14918594,0.857142857,0.159806767,19.99,9.473507262
1,1,1,0.6,0.005320979,0.004258161,0.244897959,0.00212183,2.5,3.27848068
1,1,1,0.6,0.012045003,0.018084662,0.102040816,0.008681917,5.81,3.4561456
1,1,1,0.8,0.036108537,0.03546798,0.142857143,0.018049031,15.1,4.551702688
1,1,0.5,1,0.011224355,0.011689071,1,0.005857674,3.12,3.752685153
0,1,1,0.8,0.00418266,0.002838774,0.87755102,0.002688026,5.44,3.633810665
0,1,0,0.6,0.009636003,0.008900392,0.673469388,0.004367154,1.22,4.087663672
1,1,0.75,0.6,0.003600265,0.002471404,1,0.004675137,0.8,3.393316005
1,1,0.5,0.6,0,0.000200384,0.571428571,0.001901789,0.7,3.230415276
1,1,1,0.6,0.002144275,0.001352592,0.755102041,0.004702455,1.63,3.231312901
0,1,0.75,0.8,0.002488418,0.001235702,0.714285714,0.000483867,1.49,3.601119989
1,0.5,0.75,0.6,0.011356717,0.010286382,0.265306122,0.010183289,7.72,3.656979938
0,0.5,1,0.4,0.036108537,0.03546798,0.897959184,0.014864789,15.1,4.959152114
1,1,0.75,0.6,0.002488418,0.001235702,0.734693878,0.005309067,1.49,3.319824892
1,1,0,0.8,0.010033091,0.013759706,0.163265306,0.007240419,7.28,3.687661309
0,0.5,0.25,1,0.005135672,0.003974284,0.734693878,0.005460252,6.83,3.902258103
0,1,0.75,0.8,0.026022502,0.02478083,0.306122449,0.015182876,4,4.544745195
1,1,0.25,0.6,0.004023825,0.003740503,0.244897959,0.002296591,0.85,3.421632972
1,1,0,0.6,0.004023825,0.003740503,0.204081633,0.003497465,0.85,3.490547826
1,0,0.5,0,0.02297816,0.047758203,0.93877551,0.008897093,6.64,3.909816915
1,1,0.25,1,0.052786234,0.057226351,0.224489796,0.036541139,1.99,5.448507447
0,1,0.25,1,0.002488418,0.001235702,0.693877551,0.001724408,1.49,3.745714854
1,1,0.25,0.6,0.051859696,0.049828839,0.959183673,0.052318278,19.51,5.674442005
1,1,0,0.6,0.003600265,0.002471404,0.775510204,0.004070771,0.8,3.564530874
1,1,0.25,1,0.007677035,0.0062954,0.959183673,0.001774554,0.5,3.681360076
1,1,0.5,1,0.036108537,0.03546798,0.653061224,0.03439012,15.1,4.845553752
0,1,0.5,0.8,0.002488418,0.001235702,0.428571429,0.002286113,1.49,3.640810924
1,1,0,1,0.005347452,0.004074476,0.632653061,0.000901123,5.47,3.60895298
1,1,0.5,1,0.005135672,0.003974284,0.755102041,0.003515054,6.83,3.492925492
0,1,0.75,0.6,0.007041694,0.006044919,0.428571429,0.000162037,0.88,3.731412523
1,1,0,0.6,0.005347452,0.004074476,0.367346939,0.005057591,5.47,3.586146118
0,1,0.25,0.6,1,1,0.591836735,0.562820964,24.49,45.67047255
1,1,1,0.6,0,0.000200384,0.755102041,0.00025709,0.7,3.1100411
1,1,0,0.6,0.001826605,0.000567755,0.142857143,0.001414928,0.7,3.399437741
1,1,0,0.6,0.056439444,0.059129999,0.836734694,0.044719729,13.89,5.79857696
0,1,0.25,0.8,0.00542687,0.004258161,0.959183673,0.005527986,0.5,3.909727768
0,1,0.75,0.8,0.001747187,0.001603073,0.918367347,0.002271144,0.7,3.592716122
1,1,0.5,1,0.010033091,0.013759706,0.959183673,0.008998881,7.28,3.670807537
1,1,0.25,1,0.013103905,0.019771228,0.306122449,0.008641127,3.14,3.728990878
1,1,1,0.6,0.004500331,0.003239542,0.653061224,0.00820965,0.99,3.335037622
1,1,0.75,0.6,0.002832561,0.002838774,0.265306122,0.002527111,0.93,3.238781216
1,1,0,0.6,0.013103905,0.019771228,0.591836735,0.012100047,3.14,3.84339145
0,1,0.75,0.2,0.004023825,0.003005761,0.816326531,0.001503992,0.81,3.662425784
1,1,0.25,0.2,0.011224355,0.011689071,0.979591837,0.001481539,3.12,3.776059772
1,0.5,0.25,1,0.002885506,0.001569675,0.93877551,0.001350188,1.49,3.517347043
0,1,1,0.6,0.005347452,0.004074476,0.775510204,0.003163286,5.47,3.66261941
1,1,1,0.2,0.020330907,0.019787927,0.530612245,0.092323951,9.44,4.359162373
1,0,0.5,0,0.00585043,0.004592135,0.693877551,0.000556466,7.01,3.533503476
0,1,0,0.6,0.003414957,0.002738582,0.87755102,0.001085988,1.34,3.853223032
1,1,0.75,0.6,0.00542687,0.004258161,0.306122449,0.005465117,0.5,3.377755813
1,1,0.75,1,0.011356717,0.010286382,0.020408163,0.007199255,7.72,3.589178927
1,1,0,0.6,0.026022502,0.02478083,0.775510204,0.017305455,4,4.512702121
0,1,0.25,0.6,0.009530113,0.008616515,0.183673469,0.007920752,0.5,3.971898031
1,0.5,0,1,0.028590338,0.02478083,0.448979592,0.042041059,4,4.774875048
1,1,1,1,0.004235606,0.002905569,0.816326531,0.001700084,0.99,3.322653943
1,1,0.75,0.6,0.737921906,0.749519913,0.306122449,0.086261204,49,32.27735221
0,1,0.25,0.6,0.016280609,0.031460299,0.530612245,0.001186653,4,4.017993254
0,1,0.25,0.6,0.00418266,0.002838774,0.346938776,0.001611019,5.44,3.75732619
1,1,1,1,0.003573792,0.002454705,0.775510204,0.000964741,0.5,3.284517055
1,1,0.25,0.6,0,0.000200384,0.204081633,0.000343909,0.7,3.24171108
1,0.5,0.5,1,0.002806089,0.002905569,0.816326531,0.002121082,1.01,3.413968929
0,1,0,0.6,0.003414957,0.002738582,0.489795918,0.013457719,1.34,3.866778656
1,1,0,0.8,0.007253475,0.007848376,0.693877551,0.003681208,0.83,3.674894763
1,1,0.25,1,0.016280609,0.031460299,0.87755102,0.012775889,4,3.829566006
1,0.5,0.25,0.6,0.006035738,0.00477582,0.959183673,0.00409547,1.3,3.647370615
0,1,0.5,0.2,0.006035738,0.00477582,0.959183673,0.004852518,1.3,3.849021053
1,1,0.75,1,0.008656519,0.012407114,0.612244898,0.006473267,6.14,3.489496092
0,0.5,0.5,1,0.008418266,0.012023044,0.428571429,0.004673266,2.64,3.850374635
1,0.5,0,0.8,0.002832561,0.002838774,0.979591837,0.000732724,0.93,3.561922251
0,1,0.75,1,0.003573792,0.002454705,0.387755102,0.001779419,0.5,3.610061792
1,1,0.5,1,0.009530113,0.008616515,0.795918367,0.00357418,0.5,3.667036537
1,1,0.25,0.6,0.013103905,0.019771228,0.020408163,0.015785745,3.14,3.719141004
1,0.5,1,0.6,0.004500331,0.003239542,0.714285714,0.004497757,0.99,3.352988069
1,1,1,0.8,0.051859696,0.049828839,0.979591837,0.039281931,19.51,5.409540044
0,1,1,0.6,0.008153541,0.006746264,0.408163265,0.001538795,2.04,3.717238157
1,1,0.25,1,0.005479815,0.00440845,0.387755102,0.004222705,0.71,3.528275697
1,1,0.5,1,0.002488418,0.001235702,0.612244898,0.000980084,1.49,3.358487579
0,1,0.25,0.6,0.012309729,0.010854137,0.081632653,0.00182657,1.39,4.042927755
1,1,0.5,0.6,0.002488418,0.001235702,0.387755102,0.002160001,1.49,3.325482382
1,1,0,1,0.001826605,0.000567755,0.020408163,0.000260832,0.7,3.386714345
1,1,0.5,1,0.002488418,0.001235702,0.775510204,0.000272807,1.49,3.376365168
0,1,0.25,0.8,0.005320979,0.004258161,0.469387755,0.005195678,2.5,3.837590971
0,1,0,0.6,0.036108537,0.03546798,0.775510204,0.011294725,15.1,5.17179009
0,1,0,0.6,0.026022502,0.02478083,0.448979592,0.022033357,4,4.798822532
1,1,0,0.4,0.005982793,0.007581197,0.979591837,0.004995844,3.6,3.646075063
1,1,0,0.8,0.008418266,0.012023044,0.816326531,0.009001501,2.64,3.72177284
1,1,0,0.2,0.011515553,0.010252985,0.87755102,0.006244244,11.15,3.891468514
1,1,0,0.8,0.005082727,0.00452534,0.816326531,0.00091946,0.7,3.608053602
0,1,0,1,0.002250165,0.000901728,1,0.001133514,1,3.843144925
1,1,0.5,1,0.004235606,0.002905569,0.93877551,0.003199211,0.99,3.482733592
1,1,1,0.2,0.00542687,0.004258161,0.12244898,0.001532433,0.5,3.255342303
1,1,0.75,0.8,0.008656519,0.012407114,0.591836735,0.006510689,6.14,3.482239202
0,1,0.25,0.6,0.008285903,0.007330717,0.346938776,0.003363494,6.98,3.921518771
0,0.5,0,0.6,0.001747187,0.001603073,0.775510204,0.001258878,0.7,3.797133796
1,1,0,0.8,0.00542687,0.004258161,1,0.004741374,0.5,3.674504703
1,1,0,0.6,0.008153541,0.006746264,0,0.022548659,2.04,3.740910887
0,1,0.75,0.6,0.026022502,0.02478083,0.632653061,0.043162972,4,4.729743266
1,1,0,0.6,1,1,0.204081633,0.244515704,24.49,43.71512048
0,1,0,0.2,0.004500331,0.003239542,0.87755102,0.005426946,0.99,3.917219605
1,1,0.25,1,0.002250165,0.00113551,0.714285714,0.002518878,1,3.436775644
1,1,1,0.4,0.005320979,0.004258161,0.979591837,0.00252786,2.5,3.37297628
1,1,0,0.6,0.011224355,0.011689071,0.551020408,0.001641331,3.12,3.79777094
1,1,0.75,0.6,0.00585043,0.004592135,0.12244898,0.004348069,7.01,3.365466353
0,0.5,0.5,0.6,0.14308405,0.14918594,0.673469388,0.054816574,19.99,9.369043819
1,1,0,0.6,0.002488418,0.001235702,0.775510204,0.002106487,1.49,3.512500147
1,1,0,0.8,0.580727995,0.892544043,0.285714286,0.17598507,14.7,22.53925009
1,1,0,0.8,0.011356717,0.010286382,0.653061224,0.004467819,7.72,3.857805791
0,1,0.75,0.6,0.004235606,0.002905569,0.673469388,0.001353556,0.99,3.664979503
1,1,0.25,0.6,1,1,0.183673469,0.277087861,24.49,43.81504821
1,1,0.75,0.6,0.005479815,0.00440845,0.571428571,0.005603578,0.71,3.414242299
1,1,0.25,0.2,0.011356717,0.010286382,0.979591837,0.010160088,7.72,3.848509007
1,1,0.75,0.6,0.011224355,0.011689071,0.306122449,0.002494554,3.12,3.565808707
1,1,0.5,0.6,0.022713435,0.033146865,1,0.002334388,4.81,4.032611025
1,0.5,0.25,0.6,0.057524818,0.057276447,0.12244898,0.059562813,4.92,5.82740633
1,1,0.75,0.8,0.02297816,0.047758203,0.673469388,0.034642719,6.64,3.902019652
1,1,0.5,1,0.00542687,0.004258161,0.612244898,0.005869275,0.5,3.497870699
1,0,0.5,0,0.010933157,0.013308842,0.93877551,0.001451601,2.25,3.717803335
0,0.5,1,0.8,0.003573792,0.002454705,0.897959184,0.00699755,0.5,3.661375379
1,0.5,0.75,1,0.021363336,0.02478083,0.428571429,0.003522912,6.5,3.980926141
1,0.5,0.75,0.6,0.008153541,0.006746264,0.795918367,0.001993473,2.04,3.56368541
0,1,0.5,0.6,0.008682991,0.007581197,0.571428571,0.00481285,1.39,3.90838713
0,0.5,0.75,1,0.004235606,0.002905569,0.408163265,0.002527111,1.49,3.67486886
0,1,0.75,1,0.007041694,0.006044919,0.857142857,0.0046452,0.88,3.821065224
1,1,0.75,0.6,0.051727333,0.074893546,0.734693878,0.055837822,4.99,5.164085382
0,1,0.25,0.6,0.003573792,0.002454705,0.06122449,0.125393446,0.5,4.341035495
0,1,0.25,0.8,0.001244209,0,0.183673469,0.001149606,0.7,3.62170309
0,1,0,0.8,0.002885506,0.001569675,0.693877551,0.003128858,1.49,3.832768812
1,1,0.75,0.6,0.002832561,0.002838774,0.959183673,0.00470021,0.93,3.341893776
1,1,0,0.6,0.005691595,0.005209986,0.775510204,0.005327778,1.2,3.64374248
1,1,0.25,0.6,0.002885506,0.001569675,0.959183673,0.003128858,1.49,3.49054984
0,1,0.75,0.6,0.022713435,0.033146865,0.428571429,0.017944624,4.81,4.275350008
1,0,0.5,0,0.413659828,0.500676296,0.06122449,0.177292971,7.18,19.07678699
1,1,0.75,1,0.028590338,0.026450697,0.816326531,0.000973348,12.39,4.351203822
0,1,1,0.6,0.004235606,0.002905569,0.142857143,0.000771643,0.99,3.523766879
0,0,0.5,0,0.009027134,0.008082157,0.693877551,0.00485364,1.49,3.980366155
1,1,0.75,0.6,0.004315023,0.011655673,0.244897959,0.008944994,2.83,3.223526225
1,1,0.5,0.6,0.01117141,0.016281206,0.142857143,0.007951438,4.5,3.572782867
1,1,1,0.6,0.143692919,0.166702847,0.653061224,0.211245253,7.18,9.499671055
1,1,0.5,0.4,0.002488418,0.001235702,0.020408163,0.003057756,1.49,3.276868888
1,1,0.75,0.6,0.056439444,0.05811138,0.673469388,0.02080292,6.66,5.462105113
1,1,0.5,0.6,0.013103905,0.019771228,0.734693878,0.007802873,3.14,3.703725263
1,0.5,0.25,1,0.002832561,0.002838774,0.775510204,0.001295926,0.93,3.474629925
1,1,0,0.6,0.056439444,0.059129999,0.142857143,0.00700466,13.89,5.509260752
1,1,0.75,0.6,0.008630046,0.007681389,0.530612245,0.009746948,5.01,3.55205818
0,0.5,1,1,0.011356717,0.010286382,0.081632653,0.022354064,7.72,3.942469414
1,1,0.5,1,0.001826605,0.000768139,0.795918367,0.002312683,1.29,3.361098412
0,1,0.5,0.6,0.036108537,0.03546798,0.142857143,0.011441045,15.1,4.952884041
1,1,0.5,0.6,0.026022502,0.02478083,0.612244898,0.021266205,4,4.37583091
0,1,1,0.6,0.038279285,0.04817567,0.142857143,0.014863666,5.5,4.770035632
0,1,0.75,1,0.00929186,0.009919011,0.755102041,0.007951438,2.35,3.889864713
0,1,0.5,0.6,0.00585043,0.004592135,0.571428571,0.01600691,7.01,3.858436298
0,1,1,0.6,0.262475182,0.270167822,0,0.124266668,19.99,14.12690351
1,0.5,0.25,0.6,0.004235606,0.002905569,0.795918367,0.000973348,0.99,3.539999684
1,1,0.5,0.6,0.016280609,0.031460299,0.87755102,0.024664502,4,3.814320813
1,1,1,0.4,0.148034414,0.226834767,0.346938776,0.052571999,24.49,8.000562667
0,1,0.25,0.6,0.009530113,0.008616515,0.020408163,0.007927488,0.5,3.950350323
1,1,0.75,1,0.007041694,0.006044919,0.020408163,0.000993556,0.88,3.386804449
1,0,1,0,0.004447386,0.003540119,0.040816327,0.003744825,1.86,3.26795892
1,1,0.5,1,0.202647253,0.198463722,0.224489796,0.033106543,14,11.34804816
1,1,0,0.6,0.04397088,0.043483343,0.632653061,0.025726914,8.23,5.22942543
1,1,0.75,1,0.003600265,0.002471404,0.918367347,0.00431626,0.8,3.390154492
1,1,1,1,0.108643283,0.158386908,0.755102041,0.005190065,8.99,6.692164857
1,1,1,0.2,0.008682991,0.007581197,0.571428571,0.004740626,1.39,3.457943084
1,1,0,1,0.202647253,0.198463722,0.959183673,0.106028281,14,11.96324563
1,1,0.25,1,0.413659828,0.500676296,0.306122449,0.037790662,7.18,18.41149966
1,1,0.5,0.6,0.002488418,0.001235702,0.816326531,0.001135385,1.49,3.37676981
0,1,1,0.6,0.002488418,0.001235702,0,0.008888861,1.49,3.47795364
1,0.5,0.25,0.8,0.01347452,0.01245721,0.734693878,0.007378881,6.19,3.927234724
1,0,0.75,0,0.010456651,0.015179093,0.755102041,0.016155101,4.68,3.650558469
1,1,0,0.6,0.04397088,0.043483343,0.775510204,0.034654319,8.23,5.295081045
1,0.5,0.5,0.6,0.002488418,0.001235702,0.448979592,0.00025709,1.49,3.352910049
1,1,0.75,1,0.003414957,0.002738582,0.816326531,0.004131769,1.34,3.362021553
0,1,0.5,0.6,0.008630046,0.007681389,0.734693878,0.006404785,5.01,3.934063675
1,1,0.5,0.6,1,1,0.816326531,0.071192465,24.49,42.75198136
1,1,0.25,0.6,0.006035738,0.00477582,0.489795918,0.0042968,1.3,3.557070907
0,1,0,1,0.035473197,0.033130166,0.693877551,0.019172441,1.49,5.211105384
0,1,0,0.6,0.011515553,0.010252985,0.673469388,0.009318092,11.15,4.194620752
1,1,0.75,0.6,0.01347452,0.01245721,0.571428571,0.001389855,6.19,3.704178416
1,1,0.25,0.6,0.011356717,0.010286382,1,0.008441293,7.72,3.851712288
1,1,0.25,0.8,0.011515553,0.010252985,0.204081633,0.008174474,11.15,3.758797037
1,1,1,0.8,0.009636003,0.008900392,0.408163265,0.003799835,1.22,3.477780173
1,0.5,0,0.6,0.001826605,0.000567755,0.591836735,0.000877173,0.7,3.485277055
1,1,1,0.8,0.010456651,0.015179093,0.653061224,0.006760294,4.68,3.480244207
1,0.5,0.5,0.4,0.016280609,0.031460299,0.020408163,0.023681425,4,3.720408041
1,0.5,0.75,0.8,0.004235606,0.002905569,0.857142857,0.006792851,0.99,3.447298135
1,0.5,0.5,0.6,0.005320979,0.004258161,0.448979592,0.004897798,2.5,3.485344525
1,1,0.75,1,0.011515553,0.010252985,0.428571429,0.009007489,11.15,3.661554374
1,1,0.25,0.6,0.012045003,0.018084662,0.93877551,0.004755595,5.81,3.750246297
0,1,1,0.6,0.056439444,0.05811138,0.755102041,0.083597128,6.66,6.038371939
1,1,1,0.6,0.159761747,0.166719546,0.102040816,0.010748737,7.18,9.233103619
1,1,0,0.6,0.178663137,0.27395842,0.204081633,0.239638488,19.99,10.20254905
0,0.5,1,0.6,0.472772998,0.692560741,0.571428571,0.136619314,11.37,19.51139277
1,1,0.25,0.6,0.178663137,0.27395842,0.836734694,0.055835951,19.99,9.255226225
1,1,0.25,0.6,0.006221046,0.004742423,0.428571429,0.001626362,2.97,3.545343281
1,1,1,0.6,0.004500331,0.003239542,0.102040816,0.005330023,0.99,3.247108698
1,1,0.75,0.6,0.007253475,0.007848376,0,0.000220042,0.83,3.356221225
0,1,0.75,0.6,0.005320979,0.004258161,0.448979592,0.00542021,2.5,3.695275845
0,1,1,0.6,0.013183322,0.014544544,0.142857143,0.009191231,4.82,3.879714515
1,0.5,0.5,1,0.003600265,0.002471404,0.775510204,0.003133349,0.8,3.46239473
1,1,0,0.4,0.005320979,0.004258161,0.183673469,0.003140085,2.5,3.543043603
1,1,0,1,0.009530113,0.008616515,0.346938776,0.00484653,0.5,3.75038761
1,1,0,0.6,0.028590338,0.026450697,0.142857143,0.099406449,12.39,4.972410553
1,1,1,0.6,0.009027134,0.008082157,0.591836735,0.004626489,1.49,3.480789705
0,0.5,0.5,0.6,0.010456651,0.015179093,0,0.005995762,4.68,3.85501066
1,0.5,0.5,0.6,0.012309729,0.010854137,0.102040816,0.001939211,1.39,3.702982833
1,1,0.25,0.6,0.001826605,0.000768139,0.795918367,0.002334762,1.29,3.419723197
0,1,0.25,0.6,0.056439444,0.05811138,0.183673469,0.096246531,6.66,6.23315916
1,1,1,0.8,0.002144275,0.001352592,0.408163265,0.002268151,1.63,3.177450828
1,1,0.5,1,0.003573792,0.002454705,0.448979592,0.002984783,0.5,3.387972523
1,1,0.5,1,0.012045003,0.018084662,0.612244898,0.00357942,5.81,3.642409231
1,1,1,0.6,0.001826605,0.000768139,0.755102041,0.00223709,1.29,3.209757995
1,0.5,1,1,0.009530113,0.008616515,0.673469388,0.005145158,0.5,3.552344464
1,1,0.25,1,0.012309729,0.010854137,0.93877551,0.004525449,1.39,3.875370976
1,1,1,1,0.006221046,0.004742423,0.326530612,0.000290395,2.97,3.330307187
0,1,0.75,1,0.004315023,0.011655673,0.591836735,0.005037383,2.83,3.562945364
1,1,0.75,1,0.016280609,0.031460299,0.816326531,0.011717219,4,3.67988753
1,0.5,1,0.8,0.011356717,0.010286382,0.142857143,0.008910191,7.72,3.570858772
0,0.5,1,1,0.001800132,0.001118811,0.775510204,0.001307901,1.56,3.544525687
1,1,0.75,1,0.002488418,0.001235702,0.673469388,0.002154762,1.49,3.304716068
1,1,0.5,0.6,1,1,0.693877551,0.103224995,24.49,42.90361187
1,1,0.75,1,0.011515553,0.010252985,0.367346939,0.010320628,11.15,3.660340263
1,1,0,1,0.038279285,0.04817567,0.040816327,0.003562954,5.5,4.674412181
1,1,0,0.6,0.084129715,0.252717709,0.816326531,0.248201028,4,5.588824331
0,1,0.75,1,0.008630046,0.007681389,0.387755102,0.005498048,5.01,3.824940319
1,1,0.25,1,0.222316347,0.3496869,0.12244898,0.030208205,9.99,10.28830605
1,1,1,0.6,0.012309729,0.010854137,0.693877551,0.012588779,1.39,3.671672208
1,1,0.75,0.6,0.084129715,0.252717709,0.530612245,0.188015512,4,5.031685657
1,1,1,1,0.413659828,0.500676296,0.612244898,0.082025401,7.18,18.47965491
0,1,0,0.6,0.004023825,0.003740503,0.367346939,0.00172815,0.85,3.807378444
1,1,1,0.6,0.004235606,0.002905569,0.387755102,0.003199211,0.99,3.264342334
0,1,0.5,0.6,0.012309729,0.010854137,0.755102041,0.00188682,1.39,4.064254015
0,1,0.75,0.6,0.009530113,0.008616515,0.142857143,0.009846491,0.5,3.840552686
1,1,1,0.6,0.00585043,0.004592135,0.020408163,0.008945742,7.01,3.308044845
1,1,0.25,0.6,0.026022502,0.02478083,0.163265306,0.017688657,4,4.365754215
1,1,0.25,0.6,0.004235606,0.002905569,0.530612245,0.001357672,0.99,3.477637424
1,1,1,0.6,0.737921906,0.749519913,0.979591837,0.858435736,49,36.34376924
1,1,0.5,1,0.007041694,0.006044919,0.897959184,0.00545389,0.88,3.594199914
1,1,0.75,0.6,0.004315023,0.011655673,0.775510204,0.003141207,2.83,3.263265051
1,1,0.25,0.2,0.005347452,0.004074476,0.816326531,0.004334222,5.47,3.564180261
1,1,1,1,0.003573792,0.002454705,0.489795918,0.001293306,0.5,3.248468158
1,1,0.25,0.6,0.003600265,0.002471404,0.530612245,0.004070771,0.8,3.464137126
1,1,0.75,0.6,0.004447386,0.003540119,0.040816327,0.003980958,1.86,3.292873761
0,1,0.75,0.6,0.048021178,0.046806379,0.428571429,0.012439091,6.27,5.402082579
1,1,0,1,0.008153541,0.006746264,0.714285714,0.00382416,2.04,3.746749376
0,1,0.75,0.6,0.011356717,0.010286382,0.632653061,0.010129776,7.72,3.980474993
1,1,0.25,1,0.013103905,0.019771228,0.530612245,0.009771273,3.14,3.764588312
1,1,0.5,0.6,0.003600265,0.002471404,0.142857143,0.003084326,0.8,3.339690289
1,1,0.5,0.8,0.001853077,0.001569675,0.367346939,0.0031689,2.56,3.294200282
0,1,1,0.8,0.001826605,0.000567755,0.714285714,0.001578462,0.7,3.513030075
1,1,1,1,0.003044341,0.001402688,0.816326531,0.025221342,4.77,3.403701341
1,1,0,1,0.002832561,0.002838774,0.714285714,0.002488567,0.93,3.511500416
1,0.5,0.75,1,0.012045003,0.018084662,0.857142857,0.01772795,5.81,3.710191692
1,1,0.75,0.6,0.002250165,0.002438006,0.163265306,0.003865324,2.4,3.20693759
1,1,0.5,0.2,0.001826605,0.000768139,0.040816327,0.002043244,1.29,3.240845187
0,1,1,1,0.038941099,0.056140937,0.183673469,0.046335988,8.22,4.871977684
1,1,0.75,0.6,0.094718729,0.095115638,0.367346939,0.01973452,1.49,6.931763507
1,1,0.75,0.6,0.01117141,0.016281206,0.448979592,0.009523913,4.5,3.553469899
0,0.5,0.5,0.6,0.036108537,0.03546798,0.918367347,0.020709365,15.1,5.133263175
1,1,0,0.8,0,0.000200384,0.163265306,0.000343909,0.7,3.309089651
1,0.5,0.5,0.6,0.028590338,0.026450697,0.87755102,0.002028275,12.39,4.452636661
1,1,1,0.6,1,1,0.142857143,0.415988049,24.49,44.33328992
0,1,1,0.6,0.00929186,0.009919011,0.530612245,0.008719339,2.35,3.786681717
1,0,1,0,0.008682991,0.007581197,0.612244898,0.000546362,1.39,3.495216817
1,1,0.25,0.4,0.026022502,0.02478083,0.469387755,0.005112227,4,4.335579611
1,1,0,0.6,0.011356717,0.010286382,0.551020408,0.019579219,7.72,3.91872966
1,1,0.5,1,0.472772998,0.692560741,0.571428571,0.051853496,11.37,18.87903466
1,1,0,0.8,0.003414957,0.002738582,0.163265306,0.003259087,1.34,3.470420281
1,1,0,0.6,0.051859696,0.049828839,0.204081633,0.055875618,19.51,5.661276725
1,1,0.25,0.8,0.00418266,0.003072556,0.183673469,0.000273555,1.58,3.425653635
1,1,0,0.6,0.148034414,0.226834767,0.632653061,0.126126918,24.49,8.700517687
1,1,0.5,0.6,0.035473197,0.033130166,0.673469388,0.018057638,1.49,4.752501416
1,1,0.5,1,0.148034414,0.226834767,0.795918367,0.018050528,24.49,8.029362346
1,1,1,0.6,0.00585043,0.004592135,0.142857143,0.002164117,7.01,3.288703302
0,1,0.75,0.8,0.007253475,0.007848376,0.469387755,0.005276884,0.83,3.754037127
0,0.5,0.25,0.6,0.005320979,0.004258161,0.346938776,0.001879336,2.5,3.828577761
1,1,0.75,1,0.004500331,0.003239542,0.102040816,0.00084499,0.99,3.30114109
0,0,0.75,0,0.013103905,0.019771228,0.918367347,0.016044332,3.14,4.052022249
1,1,1,0.6,0.094718729,0.095115638,0.612244898,0.01973452,1.49,6.896118753
1,1,0.25,0.6,0.003600265,0.002471404,0.448979592,0.002268525,0.8,3.443903697
1,1,0,0.6,0.051859696,0.049828839,0.142857143,0.037384632,19.51,5.55630921
1,0.5,0,0.6,0.002488418,0.001235702,0.775510204,0.002108359,1.49,3.541813307
1,0.5,0.75,1,0.004500331,0.003239542,0.775510204,0.001285448,0.99,3.421781861
0,1,0.75,1,0.002806089,0.002905569,0.755102041,0.006541749,1.01,3.636229505
0,1,0.25,0.8,0.084129715,0.252717709,0.734693878,0.281469983,4,5.993581041
1,0.5,0.25,0.6,0.008682991,0.007581197,0.734693878,0.005037009,1.39,3.723950072
1,1,1,0.8,0.004526803,0.004742423,0.87755102,0.002079918,0.83,3.317420409
1,1,0.75,1,0.03216413,0.031460299,0.367346939,0.030711532,5.77,4.567072581
0,1,0.25,1,0.003573792,0.002454705,0.816326531,0.002027153,0.5,3.804053537
1,1,0,1,0.003600265,0.002471404,0.183673469,0.003140459,0.8,3.490928758
1,1,1,0.6,0.010456651,0.015262587,0.734693878,0.001066529,2.75,3.455265168
1,1,0.75,1,0.004500331,0.003239542,0.428571429,0.004298671,0.99,3.362400851
1,0.5,0.75,0.8,0.005982793,0.007581197,0.428571429,0.004179295,3.6,3.403710303
0,0.5,0.75,1,0.003414957,0.002738582,0.673469388,0.003464534,1.34,3.673461179
1,1,0.75,0.6,0.009027134,0.008082157,0.12244898,0.008900461,1.49,3.509149092
0,1,1,1,0.834864328,0.834649745,0.530612245,0.002585864,69.3,36.07516131
1,0.5,0.5,1,0,0.000200384,0.857142857,0.004703952,0.7,3.321679493
1,1,0.5,0.6,0.011356717,0.010286382,0.795918367,0.009919464,7.72,3.764458398
0,1,0.5,0.6,0.737921906,0.749519913,0.979591837,0.418814911,49,34.48116035
1,1,0.25,0.6,0.00585043,0.004592135,0.673469388,0.008866033,7.01,3.598016995
0,1,0.25,1,0.002250165,0.00113551,0.673469388,0.003102663,1,3.738955351
1,0.5,0.25,1,0.008682991,0.007581197,0.653061224,0.008426324,1.39,3.740425265
0,1,0.25,1,0.008153541,0.006746264,0.816326531,0.001888691,2.04,3.986596642
1,1,0,0.4,0.737921906,0.749519913,0.142857143,0.012501586,49,32.06864679
0,1,0.5,0.6,0.02297816,0.047758203,0.081632653,0.014795932,6.64,4.087585586
0,1,0.5,0.8,0.013924553,0.018502129,0.918367347,0.008432686,2.85,4.102367311
1,1,0.75,0.8,0.007041694,0.006044919,0.142857143,0.005376052,0.88,3.421196439
1,1,1,0.8,0.026022502,0.02478083,0.06122449,0.029256188,4,4.213564215
1,1,0,0.6,0.009636003,0.008900392,0.367346939,0.00436154,1.22,3.74264912
1,1,0.25,1,0.010456651,0.015179093,0.428571429,0.015997928,4.68,3.707776182
1,1,0,0.8,0.137207148,0.138331803,0.653061224,0.071734336,5.01,9.102724085
1,1,0.25,0.6,0.008630046,0.007681389,0.795918367,0.001404824,5.01,3.679464836
1,1,0.25,0.6,0.001826605,0.000567755,0.836734694,0.000747693,0.7,3.419650599
1,1,1,0.2,0.084129715,0.252717709,0.530612245,0.216586128,4,5.103837135
0,1,1,0.6,0.005982793,0.007581197,0.673469388,0.004909399,3.6,3.642349147
1,1,0.25,0.6,0.026022502,0.02478083,0.285714286,0.021917723,4,4.404097455
0,1,1,0.8,0.051727333,0.074893546,0.12244898,0.054551252,4.99,5.317661667
1,1,0.5,0.8,0.04397088,0.043483343,1,0.016973895,8.23,5.100846859
1,0.5,0.5,0.6,0.222316347,0.3496869,0.734693878,0.036882054,9.99,10.35598042
1,0.5,0.5,0.6,0.007041694,0.006044919,0.673469388,0.004714805,0.88,3.580444458
1,1,0.75,1,0.005320979,0.004258161,0.020408163,0.00252786,2.5,3.328460626
0,1,1,0.6,0.005982793,0.007581197,0.285714286,0.004401208,3.6,3.588427123
1,0.5,0.75,0.6,0.028590338,0.026450697,0.530612245,0.000973348,12.39,4.333226795
0,1,0.25,0.6,0.00929186,0.009919011,0.87755102,0.007951438,2.35,4.032580326
1,1,0.75,0.6,0.036108537,0.03546798,0.959183673,0.007769941,15.1,4.669029919
1,1,0.75,0.6,0.008153541,0.006746264,0.102040816,0.001724408,2.04,3.441244689
0,1,0.5,0.6,0.001244209,0,0.795918367,0.000340541,0.7,3.625626337
1,1,0.75,0.6,0.003573792,0.002454705,0.530612245,0.00316628,0.5,3.322185492
0,1,0.75,0.6,0.016598279,0.049828839,0.183673469,0.008570025,6.5,3.630804079
1,0.5,0.75,0.6,0.007041694,0.006044919,0.775510204,0.003818546,0.88,3.521219102
1,0,0.5,0,0.002832561,0.002838774,0.346938776,0.000808316,0.93,3.352928742
1,1,0,0.6,0.010033091,0.013759706,0.469387755,0.014859549,7.28,3.763290827
0,1,0,1,0.008682991,0.007581197,0.653061224,0.004729025,1.39,4.06428811
1,1,0.5,0.8,0.001244209,0,0.204081633,0.000260832,0.7,3.247208422
0,1,0,1,0.01347452,0.01245721,0.204081633,0.007026739,6.19,4.203233105
0,1,0,0.6,0.004235606,0.002905569,0.224489796,0.002704492,0.99,3.816761539
1,1,0.25,0.6,0.005320979,0.004258161,0.714285714,0.001386487,2.5,3.540737102
0,1,0.5,0.6,0.009530113,0.008616515,0.571428571,0.034983259,0.5,4.096918315
1,1,0.5,1,0.005479815,0.00440845,0.755102041,0.000445697,0.71,3.489030525
1,1,0.5,0.6,0.737921906,0.749519913,0.224489796,0.247171173,49,33.17758397
0,1,0.5,1,0.026022502,0.02478083,0.897959184,0.023294106,4,4.73825245
0,1,0.5,0.6,0.002250165,0.002438006,0.755102041,0.030758309,2.4,3.798604025
0,1,0.75,0.6,0.00929186,0.009919011,0.775510204,0.00735755,2.35,3.879941083
1,1,1,0.6,0.007041694,0.006044919,0.673469388,0.005867404,0.88,3.421141042
0,1,0.5,1,0.005982793,0.007581197,0.795918367,0.006882664,3.6,3.81442293
0,1,0.25,0.6,0.004526803,0.004742423,0.040816327,0.000806071,0.83,3.703953597
0,1,0.75,0.6,0.008365321,0.007113634,0.06122449,0.00038657,7.78,3.739432581
1,1,0.75,1,0.010218398,0.013642815,0.571428571,0.007371396,3.98,3.554544621
1,1,0.75,0.6,0.026022502,0.02478083,0.632653061,0.036397064,4,4.389779793
1,1,0.75,0.6,0.004023825,0.003740503,0.265306122,0.005405242,0.85,3.304578498
0,0.5,0,0.8,0.016280609,0.031460299,0.693877551,0.020424957,4,4.242443006
0,1,1,0.6,0.00585043,0.004592135,0.265306122,0.000592391,7.01,3.601173332
0,1,0,0.6,0.001826605,0.000768139,0.224489796,0.002276384,1.29,3.716413136
1,1,0,1,0.009530113,0.008616515,0.408163265,0.000717755,0.5,3.736850666
0,1,1,0.6,0.003600265,0.002471404,0.387755102,0.003643037,0.8,3.543470384
1,1,0.25,0.8,0.143692919,0.166702847,0.918367347,0.055826969,7.18,8.929323076
0,1,0.75,0.6,0.003573792,0.002454705,0.632653061,0.005055345,0.5,3.650088663
1,1,0.25,0.6,0.00585043,0.004592135,0.448979592,0.005944119,7.01,3.553032526
1,1,0,0.4,0.008153541,0.006746264,0.142857143,0.004887695,2.04,3.662515514
1,1,0.75,0.6,0.008577101,0.00716373,0.87755102,0.000322952,0.95,3.553079386
1,1,0,1,0.003600265,0.002471404,0.632653061,0.002317174,0.8,3.545968828
0,1,0.75,0.6,0.010456651,0.015179093,0.918367347,0.005975179,4.68,3.878984584
1,1,0.75,1,0.043838518,0.066510812,0.530612245,0.021694313,8.99,4.666118556
1,1,0.5,1,0.008682991,0.007581197,0.93877551,0.004554638,1.39,3.660589221
1,1,0,0.4,0.008550629,0.009251065,0.183673469,0.001408566,1.5,3.635281412
1,0.5,0.75,1,0.01347452,0.01245721,0.448979592,0.004739877,6.19,3.744355361
0,1,0.75,0.6,0.051859696,0.049828839,0.224489796,0.047024928,19.51,5.718065288
1,1,0.25,1,0.009027134,0.008082157,0.183673469,0.005376052,1.49,3.64432705
0,1,0,0.6,0.003600265,0.002471404,0.285714286,0.000556466,0.8,3.785887532
0,0.5,0.5,0.6,0.013924553,0.018502129,0.673469388,0.004158339,2.85,4.072147886
1,1,0.25,1,0.002832561,0.002838774,0.571428571,0.002225864,0.93,3.423219747
1,1,0.75,1,0.016598279,0.049828839,0.489795918,0.051550003,6.5,3.601436531
1,1,0.75,0.8,0.006459298,0.008249144,0.591836735,0.003485864,1.17,3.408280311
0,1,0.5,0.6,0.005982793,0.007581197,0.163265306,0.005220751,3.6,3.712571945
1,1,0,0.6,0.005479815,0.00440845,1,0.000924699,0.71,3.650442868
1,1,0,0.6,0.013103905,0.019771228,0.102040816,0.008513143,3.14,3.759850742
1,0.5,0.25,0.6,0.002461946,0.002738582,0.836734694,0.004782164,1.2,3.473136907
1,0.5,0.5,1,0.011515553,0.010252985,0.142857143,0.00425863,11.15,3.696227563
0,1,0.5,1,0.008365321,0.007113634,0.775510204,0.00157734,7.78,3.917626003
1,1,0.75,0.6,0.003573792,0.002454705,0.306122449,0.003199211,0.5,3.292681397
1,0.5,0.75,0.6,0.010456651,0.015179093,0.346938776,0.006978465,4.68,3.533486617
1,1,0.25,0.8,0.010456651,0.015179093,0.448979592,0.006978465,4.68,3.658466204
1,1,0.75,0.6,0.00418266,0.003072556,0.163265306,0.00025709,1.58,3.282075925
1,0,0,0,0.058080741,0.088436169,0.836734694,0.082863281,19.99,5.714009977
1,1,1,1,0.737921906,0.749519913,0.040816327,0.777356738,49,35.80440595
1,1,1,0.6,0.051859696,0.049828839,0.142857143,0.052318278,19.51,5.362469264
0,1,1,0.6,0.009027134,0.008082157,0.734693878,0.005603578,1.49,3.809310805
1,1,0.5,0.6,0.006035738,0.00477582,0.142857143,0.005956468,1.3,3.451882753
0,0.5,0.5,0.6,0.003600265,0.002471404,0.632653061,0.004158713,0.8,3.743888355
1,0.5,1,0.8,0.009530113,0.008616515,0.510204082,0.005875263,0.5,3.529831399
0,1,0,1,0.016280609,0.031460299,0.020408163,0.003386322,4,4.039599792
1,1,0,0.8,0.005135672,0.003974284,0.857142857,0.000275426,6.83,3.620725959
0,1,0,0.6,0.002488418,0.001235702,0.857142857,0.002883369,1.49,3.831878738
1,0.5,0.75,1,0.001826605,0.000768139,0.693877551,0.003549108,1.29,3.315370748
0,1,0.75,0.6,0.01347452,0.01245721,0.163265306,0.017950611,6.19,4.041499404
1,1,0,0.6,0.137207148,0.138331803,0.632653061,0.10678009,5.01,9.278875123
1,0.5,1,0.8,0.006962277,0.009518243,0.408163265,0.008928154,4.42,3.382591705
1,0.5,0.25,0.6,0.262475182,0.270167822,0.081632653,0.24812581,19.99,14.71543458
1,1,1,1,0.003573792,0.002454705,0.448979592,0.002298463,0.5,3.248338402
1,1,0.75,1,0.005479815,0.00440845,0.93877551,0.004524701,0.71,3.466661963
1,1,0.5,0.6,0.010933157,0.013308842,0.142857143,0.005497674,2.25,3.589442004
0,1,0,0.8,0.00929186,0.009919011,1,0.00837805,2.35,4.123776902
0,1,1,0.6,0.006035738,0.00477582,0.734693878,0.005276884,1.3,3.695039312
1,1,0.75,0.6,0.011515553,0.010252985,0.224489796,0.014054601,11.15,3.651507207
1,1,1,0.6,0.012045003,0.018084662,0.897959184,0.020091527,5.81,3.621137426
0,1,0,1,1,1,0.551020408,0.045523181,24.49,43.0324938
1,1,1,1,0.001826605,0.000567755,0.428571429,0.001627111,0.7,3.175752744
0,1,0.25,1,0.013924553,0.018502129,0.183673469,0.007906532,2.85,4.075261631
1,0.5,0.25,1,0.005347452,0.004074476,0.551020408,0.0004079,5.47,3.556861603
1,1,0.25,0.8,0.005982793,0.007581197,0.448979592,0.008857426,3.6,3.537651954
1,1,0.5,0.8,0.007677035,0.0062954,1,0.000879793,0.5,3.609293869
1,1,0.75,0.6,0.002250165,0.000901728,0.448979592,0.002152517,1,3.257555926
0,0.5,1,1,0.007041694,0.006044919,0.959183673,0.005452019,0.88,3.800065615
1,1,0,0.4,0.004500331,0.003239542,0.367346939,0.00336574,0.99,3.539212163
1,0.5,0.25,1,0.002488418,0.001235702,0.897959184,0.000272807,1.49,3.489875025
1,1,1,1,0.008153541,0.006746264,0.979591837,0.003498214,2.04,3.508037118
1,0.5,1,0.6,0.008550629,0.009251065,0.673469388,0.003865698,1.5,3.474884691
1,1,0.75,1,0.036108537,0.03546798,0.387755102,0.017346245,15.1,4.653169622
1,1,0,0.2,0.006035738,0.00477582,0.87755102,0.001443743,1.3,3.651892531
0,0.5,0.75,1,0.003600265,0.002471404,0.020408163,0.001879336,0.8,3.59250139
1,1,0.5,0.6,0.036108537,0.03546798,0.795918367,0.022169199,15.1,4.790903588
1,1,0,0.6,0.00585043,0.004592135,0.448979592,0.010869236,7.01,3.646854361
1,1,1,0.6,0.002885506,0.001569675,0.775510204,0.000796716,1.49,3.249993168
0,1,0.5,0.6,0.022713435,0.033146865,0.142857143,0.03163436,4.81,4.377319257
0,1,0.5,0.6,0.834864328,0.834649745,0.387755102,0.019478554,69.3,36.271305
1,1,1,1,0.013103905,0.019771228,0.285714286,0.011571273,3.14,3.537586229
1,1,0,0.6,0.005982793,0.007581197,0.244897959,0.002279752,3.6,3.539477088
1,1,0.25,1,0.026022502,0.02478083,0,0.002887486,4,4.276138326
1,1,0.25,1,0.005691595,0.005209986,0.87755102,0.000727485,1.2,3.574621899
0,1,0.5,0.8,0.008285903,0.007330717,0.326530612,0.00551863,6.98,3.866847428
1,0.5,1,1,0.008153541,0.006746264,0.775510204,0.000469273,2.04,3.494493168
0,1,0,0.8,0.003414957,0.002738582,0.653061224,0.0018842,1.34,3.832483297
1,1,0.75,0.6,0,0.000200384,0.918367347,0.000718503,0.7,3.202060687
0,1,0.25,0.2,0.00929186,0.009919011,0.816326531,0.002905448,2.35,3.988540727
1,0.5,0.75,0.6,0.008630046,0.007681389,0.530612245,0.000276175,5.01,3.53174435
1,1,1,0.6,0.002144275,0.001352592,0.571428571,0.000883909,1.63,3.187026742
1,1,1,1,0.007677035,0.0062954,0.836734694,0.001535801,0.5,3.459864254
1,1,1,0.6,0.052786234,0.057226351,0.897959184,0.001165323,1.99,5.13863625
1,0.5,0.25,0.8,0.013103905,0.019771228,0.204081633,0.007255014,3.14,3.732787976
1,1,0.75,0.6,0.056439444,0.059129999,0.306122449,0.055808258,13.89,5.582467039
1,1,0.75,0.6,0.003414957,0.002738582,0.142857143,0.0035768,1.34,3.260574078
0,1,0.5,1,0.056439444,0.059129999,0.204081633,0.030942052,13.89,5.820750534
1,1,0.75,0.8,0.001826605,0.000567755,0.306122449,0.000802329,0.7,3.218508661
0,1,1,0.8,0.00021178,0.000901728,0.469387755,0.000290021,1.02,3.383047206
1,1,0,0.6,0.002806089,0.002905569,0.673469388,0.001880084,1.01,3.491046229
1,1,0.5,0.6,0.006618134,0.005594055,0.571428571,0.000942287,1.49,3.501704309
0,1,0,0.4,0.008682991,0.007581197,0.142857143,0.001560874,1.39,3.965978156
1,1,0.25,0.8,0.004235606,0.002905569,0.734693878,0.000882038,0.99,3.506879402
1,1,0.25,0.8,0.006962277,0.009518243,0.591836735,0.006115138,4.42,3.566889641
1,1,0.25,0.2,0.004235606,0.002905569,0.081632653,0.001619252,0.99,3.410144455
1,1,1,0.6,0.004023825,0.003740503,0.673469388,0.006525658,0.85,3.296386579
1,1,1,0.6,0.005982793,0.007581197,0.142857143,0.009194599,3.6,3.290137452
0,1,0.5,0.8,0.19790867,0.200100192,0.510204082,0.140579316,26.3,11.97268687
1,1,1,0.6,0.01117141,0.016281206,0.489795918,0.002725074,4.5,3.455227421
0,1,0.25,0.6,0.005982793,0.007581197,0.530612245,0.004834555,3.6,3.82712967
1,1,0.75,0.6,0.00585043,0.004592135,0.836734694,0.000438212,7.01,3.439408312
1,1,0.5,0.6,0.010033091,0.013759706,0.510204082,0.008825617,7.28,3.601036429
1,0.5,0.25,1,0.005003309,0.003924188,0.306122449,0.005869275,0.76,3.536881581
1,1,0,0.6,0.001853077,0.001569675,0.448979592,0.0031689,2.56,3.436275213
1,1,1,1,0.005982793,0.007581197,0.285714286,0.00928516,3.6,3.319007162
1,1,1,0.6,0.01117141,0.016281206,0.530612245,0.011309319,4.5,3.505595853
1,1,0.75,0.8,0.003573792,0.002454705,0.265306122,0.000608108,0.5,3.278465981
0,0.5,0.5,0.6,0.001800132,0.001118811,0.142857143,0.002877756,1.56,3.595644373
1,1,0,0.4,0.028775645,0.031226517,0.326530612,0.007100086,4.1,4.450390963
1,1,1,1,0.004235606,0.002905569,0.897959184,0.00132025,0.99,3.3314555
0,1,0,0.6,0.00929186,0.009919011,0.448979592,0.006170897,2.35,4.034615988
0,1,0,0.6,0.003573792,0.002454705,0.142857143,0.00699755,0.5,3.799572593
1,1,0,1,0.002144275,0.001352592,0.367346939,0.002409232,1.63,3.449626273
1,1,0.75,1,0.002488418,0.001235702,0.673469388,0.001790271,1.49,3.302806508
1,0.5,0.5,1,0.004500331,0.003239542,0.367346939,0.004003786,0.99,3.450084935
1,1,0.25,0.6,0.011224355,0.011689071,0.183673469,0.00368944,3.12,3.691919945
0,1,0.5,0.6,0.008153541,0.006746264,0.183673469,0.003348525,2.04,3.833081178
0,0.5,1,0.6,0.005320979,0.004258161,0.163265306,0.0022805,2.5,3.602340828
1,1,0.25,1,0.011356717,0.010286382,0.530612245,0.006591521,7.72,3.78948039
1,0.5,0.75,0.6,0.002250165,0.002438006,0.367346939,0.002043244,2.4,3.253673855
1,1,0.25,0.6,0.01347452,0.01245721,0.591836735,0.000898878,6.19,3.840342573
1,1,1,1,0.006035738,0.00477582,0.204081633,0.003498214,1.3,3.320569267
1,1,0,1,0.57117141,0.749519913,0.224489796,0.083971348,24.49,23.57575522
1,1,1,1,0.016280609,0.031460299,0.918367347,0.013112688,4,3.632668483
1,1,0.75,0.6,0.013103905,0.019771228,0.530612245,0.005907446,3.14,3.598797162
1,1,0.25,1,0.164553276,0.258578943,0.510204082,0.135971538,8.08,9.107408029
0,1,1,1,0.058080741,0.088436169,0.816326531,0.007908777,19.99,5.316235655
1,1,0.5,0.6,0.011356717,0.010286382,0.979591837,0.008633642,7.72,3.782002877
1,1,0,1,0.00542687,0.004258161,0.469387755,0.004554638,0.5,3.608136723
1,1,1,0.6,0.005320979,0.004258161,0.469387755,0.016201504,2.5,3.381920421
1,1,1,1,0.003229649,0.004057777,0.448979592,0.004624617,4.17,3.219402605
1,1,0.25,0.6,0.00929186,0.009919011,0.244897959,0.005763745,2.35,3.632967906
1,0.5,0.5,1,0.028775645,0.031226517,0.795918367,0.01799926,4.1,4.477072687
1,0.5,0,0.6,0.052786234,0.057226351,0.816326531,0.027367123,1.99,5.566495801
1,1,1,0.6,0.048021178,0.046806379,0.346938776,0.011289485,6.27,5.012732046
1,1,0,1,0.038941099,0.056140937,0.551020408,0.107851858,8.22,5.210379782
1,1,0.5,0.2,0.051859696,0.049828839,0.795918367,0.043089999,19.51,5.526982858
0,1,0,0.6,0,0.000200384,0.489795918,0.001260375,0.7,3.656818948
1,1,0,0.6,0.005691595,0.005209986,0.448979592,0.000727485,1.2,3.576475643
1,1,0,0.6,0.084129715,0.252717709,0.959183673,0.189641126,4,5.300915338
1,1,0.75,1,0.051859696,0.049828839,0.428571429,0.057848509,19.51,5.506741666
1,1,0.25,0.6,0.00542687,0.004258161,0.591836735,0.004277715,0.5,3.545343787
1,1,0,0.8,0.001853077,0.001235702,0.469387755,0.000883535,0.79,3.436498972
1,1,0.25,0.6,0.043838518,0.066510812,0.448979592,0.01950213,8.99,4.770370615
1,1,0.5,1,0.056439444,0.059129999,0.93877551,0.008537842,13.89,5.495981809
1,1,0.5,1,0.001826605,0.000567755,0.816326531,0.000736466,0.7,3.358384795
0,1,0.5,1,0.002250165,0.000901728,0.06122449,0.001360292,1,3.584192269
1,1,0.5,1,0.001853077,0.001235702,0.734693878,0.019240175,0.79,3.43645797
1,1,1,0.6,0.002885506,0.001569675,0.142857143,0.000796716,1.49,3.166359052
1,1,1,0.6,0.001853077,0.001569675,0.959183673,0.002866529,2.56,3.230060966
0,1,0.5,0.6,0.002514891,0.001402688,0.306122449,0.002027153,4.77,3.617551733
1,0.5,1,1,0.004235606,0.002905569,0.816326531,0.000344657,0.99,3.344856247
0,1,0.5,0.6,0.262475182,0.270167822,0.387755102,0.200373771,19.99,14.71292517
0,1,1,1,0.004500331,0.003239542,0.081632653,0.00036,0.99,3.532400136
1,1,0.75,0.6,0.002832561,0.002838774,0.530612245,0.004155345,0.93,3.28238387
1,1,1,1,0.043838518,0.066510812,0.489795918,0.021694313,8.99,4.592703556
0,1,0,0.6,0.013183322,0.014544544,0.204081633,0.063599904,4.82,4.444931059
0,1,0.75,0.6,0.009027134,0.008082157,0.387755102,0.008900461,1.49,3.848738487
1,1,0.5,0.6,0.028590338,0.026450697,0.06122449,0.000935926,12.39,4.309695517
1,1,0.25,0.6,0.008153541,0.006746264,0.959183673,0.001974013,2.04,3.691901605
0,1,0.75,0.6,0.084129715,0.252717709,0.632653061,0.259749849,4,5.725506759
0,1,1,0.6,0.016280609,0.031460299,1,0.012586534,4,3.935710357
0,1,0.5,1,0.002250165,0.002438006,0,0.000883535,2.4,3.551779472
1,1,0,0.6,0.01347452,0.01245721,0.959183673,0.009120877,6.19,3.999998455
0,1,0.25,0.6,0.056439444,0.059129999,0.346938776,0.056361356,13.89,6.031315983
0,0.5,0,1,0,0.000200384,0.653061224,0.000863327,0.7,3.715135314
0,1,1,0.8,0.003414957,0.002738582,0.12244898,0.004200626,1.34,3.502397254
1,0.5,0.5,0.6,0.00542687,0.004074476,0.102040816,0.001584824,1.63,3.430379987
1,1,0.75,0.6,0.178663137,0.27395842,0.244897959,0.01698849,19.99,8.837428314
1,1,0.25,0.6,0.011515553,0.010252985,0.979591837,0.009988695,11.15,3.866065875
0,1,0,1,0.006035738,0.00477582,0.653061224,0.005408984,1.3,3.966527023
1,1,0.75,0.8,0.00574454,0.004291559,0.020408163,0.005055345,1.93,3.359060022
0,1,0.25,1,0.008153541,0.006746264,0.653061224,0.001884949,2.04,3.964994039
1,1,0.25,0.8,0.012309729,0.010854137,0.448979592,0.008545326,1.39,3.826926967
1,1,0.25,1,0.056439444,0.059129999,0.510204082,0.009898133,13.89,5.51447223
1,0.5,0,0.6,0.008682991,0.007581197,0.836734694,0.009489485,1.39,3.828785127
1,1,0,0.6,0.00542687,0.004258161,0.367346939,0.004277715,0.5,3.583686417
0,1,0.75,1,0.009027134,0.008082157,0.428571429,0.005044493,1.49,3.843443035
1,1,0.75,0.6,0.028590338,0.026450697,0.06122449,0.009228279,12.39,4.285119732
0,1,0,0.6,0.001853077,0.001569675,0.142857143,0.0031689,2.56,3.700324116
1,1,0,0.6,0.016598279,0.049828839,0.142857143,0.025641218,6.5,3.614384685
1,1,0.25,0.6,0.012045003,0.018084662,0.755102041,0.001980375,5.81,3.711426107
1,1,1,0.6,0.056439444,0.059129999,0.285714286,0.005793308,13.89,5.249722623
1,1,0.75,0.6,0.012045003,0.018084662,0.081632653,0.03643299,5.81,3.666854274
0,1,0.75,0.6,0.013103905,0.019771228,0.265306122,0.020053356,3.14,3.942351948
1,1,0.75,0.6,0.016280609,0.031460299,0.959183673,0.025221342,4,3.760010335
1,1,0.75,1,0.005320979,0.004258161,0.816326531,0.003211935,2.5,3.437261595
0,1,1,0.8,0.004606221,0.003356433,0.12244898,0.002012558,0.49,3.545685056
1,1,0,0.6,0.038941099,0.056140937,0.428571429,0.054540025,8.22,4.905382804
1,1,0.75,0.6,0.002832561,0.002838774,0.673469388,0.00224944,0.93,3.291283994
1,1,0.25,0.6,0.020330907,0.019787927,0.224489796,0.106100506,9.44,4.604437231
0,1,0.25,0.6,0.009027134,0.008082157,0.836734694,0.006375595,1.49,4.030902512
1,0,0.25,0,0.004315023,0.011655673,0.489795918,0.009696803,2.83,3.440219444
0,0.5,0.5,0.8,0.012045003,0.018084662,0.816326531,0.016792024,5.81,4.067673853
1,0.5,0.5,1,0.008285903,0.007330717,0.775510204,0.009158674,6.98,3.674812185
1,1,0.75,0.6,0.011356717,0.010286382,0.06122449,0.010092728,7.72,3.600223385
0,1,0.75,0.8,0.00929186,0.009919011,0.265306122,0.00712703,2.35,3.816041595
1,1,1,0.8,0.022713435,0.033146865,0.510204082,0.036254486,4.81,4.014285294
1,0.5,0,1,0.03216413,0.031460299,0.020408163,0.008857426,5.77,4.640076613
1,0.5,0.25,0.8,0.010456651,0.015179093,0.693877551,0.010242416,4.68,3.737243833
1,1,0.75,0.6,0.016280609,0.031460299,0.632653061,0.01462379,4,3.661323985
0,1,0.5,0.8,0.058080741,0.088436169,1,0.035260931,19.99,5.615097329
1,0,0.5,0,0.022713435,0.033146865,1,0.030902384,4.81,4.226619675
1,1,0,0.4,0.011224355,0.011689071,0.040816327,0.006525658,3.12,3.751157889
1,1,0.25,1,0.010933157,0.013308842,1,0.005276884,2.25,3.779125416
1,1,0.5,1,0.737921906,0.749519913,0.857142857,0.596688672,49,35.10184317
0,0.5,1,0.8,0.01347452,0.01245721,0.448979592,0.005833724,6.19,3.981828704
0,1,0.25,0.6,0.003600265,0.002471404,0.244897959,0.004158713,0.8,3.731344629
0,0.5,0,0.2,0.004500331,0.003239542,0.87755102,0.004507112,0.99,3.94170397
0,1,0,0.8,0.051859696,0.049828839,0.510204082,0.057848509,19.51,6.021352872
1,1,0.25,1,0.011515553,0.010252985,0.163265306,0.000812059,11.15,3.719584817
1,0.5,0.75,0.6,0.011356717,0.010286382,0.673469388,0.010331107,7.72,3.711711843
1,1,1,0.6,0.01117141,0.016281206,0.469387755,0.093228068,4.5,3.926672859
1,1,0.75,0.6,0.036108537,0.03546798,0.183673469,0.028485294,15.1,4.675037983
1,1,0.5,0.6,0.011515553,0.010252985,0.816326531,0.013079757,11.15,3.792657634
0,1,0.75,0.6,0.002250165,0.002438006,0.081632653,0.001249522,2.4,3.486958984
1,1,0.25,0.6,0.002832561,0.002838774,0.387755102,0.00224944,0.93,3.38955225
1,1,0.5,0.6,0.038755791,0.073190281,0.183673469,0.009823664,8.99,4.25064903
1,1,1,0.4,0.011224355,0.011689071,0.897959184,0.001275344,3.12,3.564885335
1,1,0.25,0.2,0.003600265,0.002471404,0.918367347,0.003485864,0.8,3.502822294
1,1,1,0.6,0.084129715,0.252717709,0.12244898,0.084072014,4,4.365151071
0,1,0.25,0.6,0.008153541,0.006746264,0.693877551,0.002530105,2.04,3.96425961
1,1,0.25,0.6,0.013103905,0.019771228,0.836734694,0.008540087,3.14,3.789096139
1,1,0.5,0.8,0.058080741,0.088436169,0.93877551,0.083971348,19.99,5.557679551
0,1,1,1,0.043838518,0.066510812,0.183673469,0.016241172,8.99,4.828183561
1,1,0.75,1,0.009027134,0.008082157,0.183673469,0.004158339,1.49,3.501908971
1,1,0.5,1,0.002488418,0.001235702,0.673469388,0.001425032,1.49,3.368912278
1,1,0,1,0.043838518,0.066510812,0.183673469,0.037792907,8.99,4.908652638
1,1,0.75,0.6,0.413659828,0.500676296,0.142857143,0.168099869,7.18,18.92705526
1,1,0.25,0.6,0.094718729,0.095115638,0.163265306,0.020204916,1.49,7.043287653
1,1,0,1,0.009927201,0.008499624,0.142857143,0.005574763,6.97,3.750060077
1,1,0.25,0.6,0.009530113,0.008616515,0.857142857,0.007078007,0.5,3.751995751
1,1,0.5,0.6,0.148034414,0.226834767,0.632653061,0.20910284,24.49,8.999188323
0,1,0,0.6,0.016280609,0.031460299,0.918367347,0.020424957,4,4.238061201
1,1,0.5,0.6,0.00166777,0.001118811,0.632653061,0.002725448,0.75,3.318716486
1,1,0,0.8,0.008682991,0.007581197,0.693877551,0.00478179,1.39,3.760688202
1,1,0.25,0.6,0.016280609,0.031460299,0.408163265,0.002283868,4,3.703037267
0,1,0.75,0.6,0.008285903,0.007330717,0.408163265,0.005639129,6.98,3.805495898
0,1,0,1,0.028775645,0.031226517,0.857142857,0.011183581,4.1,4.86071128
1,1,0,0.4,0.02297816,0.047758203,0.142857143,0.00176445,6.64,3.854173955
1,1,0,0.6,0.03216413,0.031460299,0.489795918,0.03194646,5.77,4.784277205
0,1,0.75,0.6,0.013924553,0.018502129,0.469387755,0.020406246,2.85,4.032968983
1,1,0,0.4,0.004235606,0.002905569,0.142857143,0.000538129,0.99,3.485348418
0,1,0.5,0.6,0.003573792,0.002454705,0.87755102,0.003205573,0.5,3.740791492
1,1,0,0.6,0.006035738,0.00477582,0.367346939,0.005418339,1.3,3.614778629
1,0.5,0.75,0.8,0.00585043,0.004592135,0.918367347,0.003255719,7.01,3.499019095
0,1,0.25,1,0.009027134,0.008082157,0.510204082,0.014245828,1.49,4.038478639
1,1,0.75,0.6,0.043838518,0.066510812,0.428571429,0.062293126,8.99,4.855815385
0,0.5,1,0.6,0.008682991,0.007414211,0.87755102,0.008370191,2.99,3.863128837
0,0.5,1,0.4,0.00929186,0.009919011,0.346938776,0.00712703,2.35,3.778607062
1,1,0.25,0.8,0.022713435,0.033146865,0.183673469,0.03625299,4.81,4.17516921
0,1,0,0.6,0.004447386,0.003540119,0.816326531,0.000425115,1.26,3.885338785
0,1,0.75,0.6,0.01347452,0.01245721,0.673469388,0.012360879,6.19,4.07966178
1,1,0.25,0.6,0.159761747,0.166719546,0.612244898,0.016846661,7.18,9.536555136
1,1,0.75,0.6,0.178663137,0.27395842,0.408163265,0.271928108,19.99,10.1946347
1,1,0.75,0.6,0.737921906,0.749519913,0.755102041,0.995030351,49,37.09772823
1,1,0.25,1,0.084129715,0.252717709,0.693877551,0.244907887,4,5.496875273
1,0.5,0.25,0.6,0.013924553,0.018502129,0.530612245,0.014859549,2.85,3.872828413
1,1,0.75,0.6,0.00929186,0.009919011,0.530612245,0.007951438,2.35,3.54616093
1,0.5,0,1,0.008630046,0.007681389,0.020408163,0.000725239,5.01,3.680218014
1,1,1,0.6,0.008630046,0.007681389,0.510204082,0.000443451,5.01,3.432600226
0,1,0,0.6,0.008682991,0.007581197,0.469387755,0.004009773,1.39,4.026728953
1,1,0.25,0.6,0.00166777,0.001118811,0.591836735,0.002195178,0.75,3.378561912
1,1,1,0.6,0.009027134,0.008082157,0.102040816,0.002800292,1.49,3.406473307
0,1,0.75,0.6,0.737921906,0.749519913,0.897959184,0.605930048,49,35.38264194
1,0.5,0.25,0.6,0.00418266,0.002838774,0.142857143,0.002521498,5.44,3.459903755
1,1,0.5,1,0.001853077,0.001569675,0.367346939,0.002547319,2.56,3.295698904
1,1,0.5,0.6,0.00418266,0.003072556,0.795918367,0.000273555,1.58,3.433815556
1,0,0,0,0.005982793,0.007581197,0.306122449,0.004867861,3.6,3.605471271
0,1,0.25,0.2,0.001244209,0,0.979591837,0.000740208,0.7,3.710510173
1,1,0.25,1,0.008630046,0.007681389,0.653061224,0.009082333,5.01,3.71031216
0,1,0.25,1,0.002250165,0.002438006,0.265306122,0.00181946,2.4,3.659774389
0,1,0.5,1,0.036108537,0.03546798,0.408163265,0.01973452,15.1,5.040915898
0,1,0,0.6,0.010033091,0.013759706,0.142857143,0.008653476,7.28,3.992128364
0,1,1,1,0.005347452,0.004074476,0.204081633,0.00188682,5.47,3.589901676
0,1,0.75,0.6,0.026022502,0.02478083,0.244897959,0.003272184,4,4.469496635
1,1,0.25,0.8,0.008682991,0.007581197,0.857142857,0.004331229,1.39,3.711891466
1,0.5,0.75,0.6,0.001826605,0.000768139,0.448979592,0.001135385,1.29,3.260840671
1,1,0.5,0.6,0.035473197,0.033130166,0.367346939,0.033159308,1.49,4.791150633
1,1,0,0.8,0.00542687,0.004258161,0.06122449,0.004854015,0.5,3.550992587
1,1,0.5,0.8,0.005082727,0.00452534,0.326530612,0.002409232,0.7,3.415070992
0,1,0.5,0.6,0.084129715,0.252717709,0.081632653,0.011320546,4,4.419167412
1,0.5,0.25,0.6,0.013103905,0.019771228,0.571428571,0.013572979,3.14,3.809694342
1,1,0.25,1,0.006618134,0.005594055,0.775510204,0.001774928,1.49,3.610574633
1,1,0.5,1,0.003573792,0.002454705,0.367346939,0.003200708,0.5,3.378312252
1,1,0.5,1,0.038941099,0.056140937,0.510204082,0.05971774,8.22,4.816771883
1,0,1,0,0.005479815,0.00440845,0.979591837,0.004270979,0.71,3.437540589
1,0.5,0,1,0.001826605,0.000567755,0.857142857,0.003200708,0.7,3.542032518
0,1,0.75,0.6,0.004023825,0.003005761,0.306122449,0.004887695,0.81,3.6222162
1,1,0,1,0.005347452,0.004074476,0.306122449,0.000781747,5.47,3.565161574
1,1,1,0.6,0,0.000200384,0.93877551,0.003445074,0.7,3.15102376
